memory.total [MiB], memory.used [MiB], utilization.gpu [%], name, pci.bus_id
32768 MiB, 0 MiB, 0 %, Tesla V100-PCIE-32GB, 00000000:06:00.0
32768 MiB, 0 MiB, 0 %, Tesla V100-PCIE-32GB, 00000000:06:00.0
32768 MiB, 0 MiB, 0 %, Tesla V100-PCIE-32GB, 00000000:06:00.0
32768 MiB, 0 MiB, 0 %, Tesla V100-PCIE-32GB, 00000000:06:00.0
32768 MiB, 0 MiB, 0 %, Tesla V100-PCIE-32GB, 00000000:06:00.0
32768 MiB, 0 MiB, 0 %, Tesla V100-PCIE-32GB, 00000000:06:00.0
32768 MiB, 0 MiB, 0 %, Tesla V100-PCIE-32GB, 00000000:06:00.0
32768 MiB, 0 MiB, 0 %, Tesla V100-PCIE-32GB, 00000000:06:00.0
32768 MiB, 0 MiB, 0 %, Tesla V100-PCIE-32GB, 00000000:06:00.0
32768 MiB, 0 MiB, 0 %, Tesla V100-PCIE-32GB, 00000000:06:00.0
32768 MiB, 0 MiB, 0 %, Tesla V100-PCIE-32GB, 00000000:06:00.0
32768 MiB, 0 MiB, 0 %, Tesla V100-PCIE-32GB, 00000000:06:00.0
32768 MiB, 0 MiB, 0 %, Tesla V100-PCIE-32GB, 00000000:06:00.0
32768 MiB, 0 MiB, 0 %, Tesla V100-PCIE-32GB, 00000000:06:00.0
32768 MiB, 0 MiB, 0 %, Tesla V100-PCIE-32GB, 00000000:06:00.0
32768 MiB, 0 MiB, 0 %, Tesla V100-PCIE-32GB, 00000000:06:00.0
32768 MiB, 0 MiB, 0 %, Tesla V100-PCIE-32GB, 00000000:06:00.0
32768 MiB, 0 MiB, 0 %, Tesla V100-PCIE-32GB, 00000000:06:00.0
32768 MiB, 0 MiB, 0 %, Tesla V100-PCIE-32GB, 00000000:06:00.0
32768 MiB, 0 MiB, 0 %, Tesla V100-PCIE-32GB, 00000000:06:00.0
32768 MiB, 0 MiB, 0 %, Tesla V100-PCIE-32GB, 00000000:06:00.0
32768 MiB, 0 MiB, 0 %, Tesla V100-PCIE-32GB, 00000000:06:00.0
32768 MiB, 0 MiB, 0 %, Tesla V100-PCIE-32GB, 00000000:06:00.0
32768 MiB, 0 MiB, 0 %, Tesla V100-PCIE-32GB, 00000000:06:00.0
32768 MiB, 0 MiB, 0 %, Tesla V100-PCIE-32GB, 00000000:06:00.0
32768 MiB, 0 MiB, 0 %, Tesla V100-PCIE-32GB, 00000000:06:00.0
32768 MiB, 0 MiB, 0 %, Tesla V100-PCIE-32GB, 00000000:06:00.0
32768 MiB, 0 MiB, 0 %, Tesla V100-PCIE-32GB, 00000000:06:00.0
32768 MiB, 0 MiB, 0 %, Tesla V100-PCIE-32GB, 00000000:06:00.0
32768 MiB, 0 MiB, 0 %, Tesla V100-PCIE-32GB, 00000000:06:00.0
32768 MiB, 370 MiB, 5 %, Tesla V100-PCIE-32GB, 00000000:06:00.0
32768 MiB, 378 MiB, 0 %, Tesla V100-PCIE-32GB, 00000000:06:00.0
32768 MiB, 398 MiB, 0 %, Tesla V100-PCIE-32GB, 00000000:06:00.0
32768 MiB, 434 MiB, 0 %, Tesla V100-PCIE-32GB, 00000000:06:00.0
32768 MiB, 458 MiB, 0 %, Tesla V100-PCIE-32GB, 00000000:06:00.0
32768 MiB, 492 MiB, 0 %, Tesla V100-PCIE-32GB, 00000000:06:00.0
32768 MiB, 532 MiB, 1 %, Tesla V100-PCIE-32GB, 00000000:06:00.0
32768 MiB, 562 MiB, 0 %, Tesla V100-PCIE-32GB, 00000000:06:00.0
32768 MiB, 604 MiB, 1 %, Tesla V100-PCIE-32GB, 00000000:06:00.0
32768 MiB, 646 MiB, 1 %, Tesla V100-PCIE-32GB, 00000000:06:00.0
32768 MiB, 710 MiB, 1 %, Tesla V100-PCIE-32GB, 00000000:06:00.0
32768 MiB, 758 MiB, 0 %, Tesla V100-PCIE-32GB, 00000000:06:00.0
32768 MiB, 758 MiB, 0 %, Tesla V100-PCIE-32GB, 00000000:06:00.0
32768 MiB, 758 MiB, 0 %, Tesla V100-PCIE-32GB, 00000000:06:00.0
32768 MiB, 758 MiB, 0 %, Tesla V100-PCIE-32GB, 00000000:06:00.0
32768 MiB, 758 MiB, 0 %, Tesla V100-PCIE-32GB, 00000000:06:00.0
32768 MiB, 758 MiB, 0 %, Tesla V100-PCIE-32GB, 00000000:06:00.0
32768 MiB, 758 MiB, 0 %, Tesla V100-PCIE-32GB, 00000000:06:00.0
32768 MiB, 758 MiB, 0 %, Tesla V100-PCIE-32GB, 00000000:06:00.0
32768 MiB, 758 MiB, 0 %, Tesla V100-PCIE-32GB, 00000000:06:00.0
32768 MiB, 840 MiB, 0 %, Tesla V100-PCIE-32GB, 00000000:06:00.0
32768 MiB, 846 MiB, 0 %, Tesla V100-PCIE-32GB, 00000000:06:00.0
32768 MiB, 870 MiB, 0 %, Tesla V100-PCIE-32GB, 00000000:06:00.0
32768 MiB, 894 MiB, 0 %, Tesla V100-PCIE-32GB, 00000000:06:00.0
32768 MiB, 940 MiB, 1 %, Tesla V100-PCIE-32GB, 00000000:06:00.0
32768 MiB, 946 MiB, 0 %, Tesla V100-PCIE-32GB, 00000000:06:00.0
32768 MiB, 954 MiB, 0 %, Tesla V100-PCIE-32GB, 00000000:06:00.0
32768 MiB, 970 MiB, 0 %, Tesla V100-PCIE-32GB, 00000000:06:00.0
32768 MiB, 1112 MiB, 3 %, Tesla V100-PCIE-32GB, 00000000:06:00.0
32768 MiB, 1330 MiB, 0 %, Tesla V100-PCIE-32GB, 00000000:06:00.0
32768 MiB, 1892 MiB, 0 %, Tesla V100-PCIE-32GB, 00000000:06:00.0
32768 MiB, 1892 MiB, 0 %, Tesla V100-PCIE-32GB, 00000000:06:00.0
32768 MiB, 1892 MiB, 0 %, Tesla V100-PCIE-32GB, 00000000:06:00.0
32768 MiB, 1892 MiB, 0 %, Tesla V100-PCIE-32GB, 00000000:06:00.0
32768 MiB, 1892 MiB, 0 %, Tesla V100-PCIE-32GB, 00000000:06:00.0
32768 MiB, 1892 MiB, 0 %, Tesla V100-PCIE-32GB, 00000000:06:00.0
32768 MiB, 1892 MiB, 0 %, Tesla V100-PCIE-32GB, 00000000:06:00.0
32768 MiB, 1892 MiB, 0 %, Tesla V100-PCIE-32GB, 00000000:06:00.0
32768 MiB, 1892 MiB, 0 %, Tesla V100-PCIE-32GB, 00000000:06:00.0
32768 MiB, 1892 MiB, 0 %, Tesla V100-PCIE-32GB, 00000000:06:00.0
32768 MiB, 1892 MiB, 0 %, Tesla V100-PCIE-32GB, 00000000:06:00.0
32768 MiB, 1892 MiB, 42 %, Tesla V100-PCIE-32GB, 00000000:06:00.0
32768 MiB, 1892 MiB, 0 %, Tesla V100-PCIE-32GB, 00000000:06:00.0
32768 MiB, 1892 MiB, 0 %, Tesla V100-PCIE-32GB, 00000000:06:00.0
32768 MiB, 1892 MiB, 0 %, Tesla V100-PCIE-32GB, 00000000:06:00.0
32768 MiB, 1892 MiB, 0 %, Tesla V100-PCIE-32GB, 00000000:06:00.0
32768 MiB, 1892 MiB, 0 %, Tesla V100-PCIE-32GB, 00000000:06:00.0
32768 MiB, 1892 MiB, 0 %, Tesla V100-PCIE-32GB, 00000000:06:00.0
32768 MiB, 1892 MiB, 0 %, Tesla V100-PCIE-32GB, 00000000:06:00.0
32768 MiB, 1892 MiB, 0 %, Tesla V100-PCIE-32GB, 00000000:06:00.0
32768 MiB, 1892 MiB, 0 %, Tesla V100-PCIE-32GB, 00000000:06:00.0
32768 MiB, 1892 MiB, 0 %, Tesla V100-PCIE-32GB, 00000000:06:00.0
32768 MiB, 1894 MiB, 17 %, Tesla V100-PCIE-32GB, 00000000:06:00.0
32768 MiB, 1894 MiB, 35 %, Tesla V100-PCIE-32GB, 00000000:06:00.0
32768 MiB, 1894 MiB, 0 %, Tesla V100-PCIE-32GB, 00000000:06:00.0
32768 MiB, 1894 MiB, 0 %, Tesla V100-PCIE-32GB, 00000000:06:00.0
32768 MiB, 1894 MiB, 0 %, Tesla V100-PCIE-32GB, 00000000:06:00.0
32768 MiB, 1894 MiB, 0 %, Tesla V100-PCIE-32GB, 00000000:06:00.0
32768 MiB, 1894 MiB, 0 %, Tesla V100-PCIE-32GB, 00000000:06:00.0
32768 MiB, 1894 MiB, 34 %, Tesla V100-PCIE-32GB, 00000000:06:00.0
32768 MiB, 1894 MiB, 14 %, Tesla V100-PCIE-32GB, 00000000:06:00.0
32768 MiB, 1894 MiB, 1 %, Tesla V100-PCIE-32GB, 00000000:06:00.0
32768 MiB, 1894 MiB, 0 %, Tesla V100-PCIE-32GB, 00000000:06:00.0
32768 MiB, 1894 MiB, 0 %, Tesla V100-PCIE-32GB, 00000000:06:00.0
32768 MiB, 1894 MiB, 0 %, Tesla V100-PCIE-32GB, 00000000:06:00.0
32768 MiB, 1894 MiB, 0 %, Tesla V100-PCIE-32GB, 00000000:06:00.0
32768 MiB, 1894 MiB, 0 %, Tesla V100-PCIE-32GB, 00000000:06:00.0
32768 MiB, 1894 MiB, 42 %, Tesla V100-PCIE-32GB, 00000000:06:00.0
32768 MiB, 1894 MiB, 0 %, Tesla V100-PCIE-32GB, 00000000:06:00.0
32768 MiB, 1894 MiB, 0 %, Tesla V100-PCIE-32GB, 00000000:06:00.0
32768 MiB, 1894 MiB, 0 %, Tesla V100-PCIE-32GB, 00000000:06:00.0
32768 MiB, 1894 MiB, 0 %, Tesla V100-PCIE-32GB, 00000000:06:00.0
32768 MiB, 1894 MiB, 0 %, Tesla V100-PCIE-32GB, 00000000:06:00.0
32768 MiB, 1894 MiB, 0 %, Tesla V100-PCIE-32GB, 00000000:06:00.0
32768 MiB, 1894 MiB, 38 %, Tesla V100-PCIE-32GB, 00000000:06:00.0
32768 MiB, 1894 MiB, 17 %, Tesla V100-PCIE-32GB, 00000000:06:00.0
32768 MiB, 1894 MiB, 0 %, Tesla V100-PCIE-32GB, 00000000:06:00.0
32768 MiB, 1894 MiB, 0 %, Tesla V100-PCIE-32GB, 00000000:06:00.0
32768 MiB, 1894 MiB, 0 %, Tesla V100-PCIE-32GB, 00000000:06:00.0
32768 MiB, 1894 MiB, 0 %, Tesla V100-PCIE-32GB, 00000000:06:00.0
32768 MiB, 1894 MiB, 0 %, Tesla V100-PCIE-32GB, 00000000:06:00.0
32768 MiB, 1894 MiB, 16 %, Tesla V100-PCIE-32GB, 00000000:06:00.0
32768 MiB, 1894 MiB, 36 %, Tesla V100-PCIE-32GB, 00000000:06:00.0
32768 MiB, 1894 MiB, 0 %, Tesla V100-PCIE-32GB, 00000000:06:00.0
32768 MiB, 1894 MiB, 0 %, Tesla V100-PCIE-32GB, 00000000:06:00.0
32768 MiB, 1894 MiB, 0 %, Tesla V100-PCIE-32GB, 00000000:06:00.0
32768 MiB, 1894 MiB, 0 %, Tesla V100-PCIE-32GB, 00000000:06:00.0
32768 MiB, 1894 MiB, 0 %, Tesla V100-PCIE-32GB, 00000000:06:00.0
32768 MiB, 1894 MiB, 43 %, Tesla V100-PCIE-32GB, 00000000:06:00.0
32768 MiB, 1894 MiB, 43 %, Tesla V100-PCIE-32GB, 00000000:06:00.0
32768 MiB, 1894 MiB, 0 %, Tesla V100-PCIE-32GB, 00000000:06:00.0
32768 MiB, 1894 MiB, 0 %, Tesla V100-PCIE-32GB, 00000000:06:00.0
32768 MiB, 1894 MiB, 0 %, Tesla V100-PCIE-32GB, 00000000:06:00.0
32768 MiB, 1894 MiB, 0 %, Tesla V100-PCIE-32GB, 00000000:06:00.0
32768 MiB, 1894 MiB, 0 %, Tesla V100-PCIE-32GB, 00000000:06:00.0
32768 MiB, 1894 MiB, 7 %, Tesla V100-PCIE-32GB, 00000000:06:00.0
32768 MiB, 1894 MiB, 8 %, Tesla V100-PCIE-32GB, 00000000:06:00.0
32768 MiB, 1894 MiB, 0 %, Tesla V100-PCIE-32GB, 00000000:06:00.0
32768 MiB, 1894 MiB, 0 %, Tesla V100-PCIE-32GB, 00000000:06:00.0
32768 MiB, 1894 MiB, 0 %, Tesla V100-PCIE-32GB, 00000000:06:00.0
32768 MiB, 1894 MiB, 0 %, Tesla V100-PCIE-32GB, 00000000:06:00.0
32768 MiB, 1894 MiB, 0 %, Tesla V100-PCIE-32GB, 00000000:06:00.0
32768 MiB, 1894 MiB, 36 %, Tesla V100-PCIE-32GB, 00000000:06:00.0
32768 MiB, 1894 MiB, 42 %, Tesla V100-PCIE-32GB, 00000000:06:00.0
32768 MiB, 1894 MiB, 0 %, Tesla V100-PCIE-32GB, 00000000:06:00.0
32768 MiB, 1894 MiB, 0 %, Tesla V100-PCIE-32GB, 00000000:06:00.0
32768 MiB, 1894 MiB, 0 %, Tesla V100-PCIE-32GB, 00000000:06:00.0
32768 MiB, 1894 MiB, 0 %, Tesla V100-PCIE-32GB, 00000000:06:00.0
32768 MiB, 1894 MiB, 0 %, Tesla V100-PCIE-32GB, 00000000:06:00.0
32768 MiB, 1894 MiB, 42 %, Tesla V100-PCIE-32GB, 00000000:06:00.0
32768 MiB, 1894 MiB, 42 %, Tesla V100-PCIE-32GB, 00000000:06:00.0
32768 MiB, 1894 MiB, 0 %, Tesla V100-PCIE-32GB, 00000000:06:00.0
32768 MiB, 1894 MiB, 0 %, Tesla V100-PCIE-32GB, 00000000:06:00.0
32768 MiB, 1894 MiB, 0 %, Tesla V100-PCIE-32GB, 00000000:06:00.0
32768 MiB, 1894 MiB, 0 %, Tesla V100-PCIE-32GB, 00000000:06:00.0
32768 MiB, 1894 MiB, 0 %, Tesla V100-PCIE-32GB, 00000000:06:00.0
32768 MiB, 1894 MiB, 0 %, Tesla V100-PCIE-32GB, 00000000:06:00.0
32768 MiB, 1894 MiB, 43 %, Tesla V100-PCIE-32GB, 00000000:06:00.0
32768 MiB, 1894 MiB, 0 %, Tesla V100-PCIE-32GB, 00000000:06:00.0
32768 MiB, 1894 MiB, 0 %, Tesla V100-PCIE-32GB, 00000000:06:00.0
32768 MiB, 1894 MiB, 0 %, Tesla V100-PCIE-32GB, 00000000:06:00.0
32768 MiB, 1894 MiB, 0 %, Tesla V100-PCIE-32GB, 00000000:06:00.0
32768 MiB, 1894 MiB, 0 %, Tesla V100-PCIE-32GB, 00000000:06:00.0
32768 MiB, 1894 MiB, 0 %, Tesla V100-PCIE-32GB, 00000000:06:00.0
32768 MiB, 1894 MiB, 2 %, Tesla V100-PCIE-32GB, 00000000:06:00.0
32768 MiB, 1894 MiB, 0 %, Tesla V100-PCIE-32GB, 00000000:06:00.0
32768 MiB, 1894 MiB, 0 %, Tesla V100-PCIE-32GB, 00000000:06:00.0
32768 MiB, 1894 MiB, 0 %, Tesla V100-PCIE-32GB, 00000000:06:00.0
32768 MiB, 1894 MiB, 0 %, Tesla V100-PCIE-32GB, 00000000:06:00.0
32768 MiB, 1894 MiB, 0 %, Tesla V100-PCIE-32GB, 00000000:06:00.0
32768 MiB, 1894 MiB, 0 %, Tesla V100-PCIE-32GB, 00000000:06:00.0
32768 MiB, 1894 MiB, 42 %, Tesla V100-PCIE-32GB, 00000000:06:00.0
32768 MiB, 1894 MiB, 17 %, Tesla V100-PCIE-32GB, 00000000:06:00.0
32768 MiB, 1894 MiB, 0 %, Tesla V100-PCIE-32GB, 00000000:06:00.0
32768 MiB, 1894 MiB, 0 %, Tesla V100-PCIE-32GB, 00000000:06:00.0
32768 MiB, 1894 MiB, 0 %, Tesla V100-PCIE-32GB, 00000000:06:00.0
32768 MiB, 1894 MiB, 0 %, Tesla V100-PCIE-32GB, 00000000:06:00.0
32768 MiB, 1894 MiB, 0 %, Tesla V100-PCIE-32GB, 00000000:06:00.0
32768 MiB, 1894 MiB, 17 %, Tesla V100-PCIE-32GB, 00000000:06:00.0
32768 MiB, 1894 MiB, 42 %, Tesla V100-PCIE-32GB, 00000000:06:00.0
32768 MiB, 1894 MiB, 0 %, Tesla V100-PCIE-32GB, 00000000:06:00.0
32768 MiB, 1894 MiB, 0 %, Tesla V100-PCIE-32GB, 00000000:06:00.0
32768 MiB, 1894 MiB, 0 %, Tesla V100-PCIE-32GB, 00000000:06:00.0
32768 MiB, 1894 MiB, 0 %, Tesla V100-PCIE-32GB, 00000000:06:00.0
32768 MiB, 1894 MiB, 0 %, Tesla V100-PCIE-32GB, 00000000:06:00.0
32768 MiB, 1894 MiB, 3 %, Tesla V100-PCIE-32GB, 00000000:06:00.0
32768 MiB, 1894 MiB, 15 %, Tesla V100-PCIE-32GB, 00000000:06:00.0
32768 MiB, 1894 MiB, 0 %, Tesla V100-PCIE-32GB, 00000000:06:00.0
32768 MiB, 1894 MiB, 0 %, Tesla V100-PCIE-32GB, 00000000:06:00.0
32768 MiB, 1894 MiB, 0 %, Tesla V100-PCIE-32GB, 00000000:06:00.0
32768 MiB, 1894 MiB, 0 %, Tesla V100-PCIE-32GB, 00000000:06:00.0
32768 MiB, 1894 MiB, 0 %, Tesla V100-PCIE-32GB, 00000000:06:00.0
32768 MiB, 1894 MiB, 38 %, Tesla V100-PCIE-32GB, 00000000:06:00.0
32768 MiB, 1894 MiB, 43 %, Tesla V100-PCIE-32GB, 00000000:06:00.0
32768 MiB, 1894 MiB, 0 %, Tesla V100-PCIE-32GB, 00000000:06:00.0
32768 MiB, 1894 MiB, 0 %, Tesla V100-PCIE-32GB, 00000000:06:00.0
32768 MiB, 1894 MiB, 0 %, Tesla V100-PCIE-32GB, 00000000:06:00.0
32768 MiB, 1894 MiB, 0 %, Tesla V100-PCIE-32GB, 00000000:06:00.0
32768 MiB, 1894 MiB, 0 %, Tesla V100-PCIE-32GB, 00000000:06:00.0
32768 MiB, 1894 MiB, 41 %, Tesla V100-PCIE-32GB, 00000000:06:00.0
32768 MiB, 1894 MiB, 23 %, Tesla V100-PCIE-32GB, 00000000:06:00.0
32768 MiB, 1894 MiB, 1 %, Tesla V100-PCIE-32GB, 00000000:06:00.0
32768 MiB, 1894 MiB, 0 %, Tesla V100-PCIE-32GB, 00000000:06:00.0
32768 MiB, 1894 MiB, 0 %, Tesla V100-PCIE-32GB, 00000000:06:00.0
32768 MiB, 1894 MiB, 0 %, Tesla V100-PCIE-32GB, 00000000:06:00.0
32768 MiB, 1894 MiB, 0 %, Tesla V100-PCIE-32GB, 00000000:06:00.0
32768 MiB, 1894 MiB, 0 %, Tesla V100-PCIE-32GB, 00000000:06:00.0
32768 MiB, 1894 MiB, 22 %, Tesla V100-PCIE-32GB, 00000000:06:00.0
32768 MiB, 1894 MiB, 0 %, Tesla V100-PCIE-32GB, 00000000:06:00.0
32768 MiB, 1894 MiB, 0 %, Tesla V100-PCIE-32GB, 00000000:06:00.0
32768 MiB, 1894 MiB, 0 %, Tesla V100-PCIE-32GB, 00000000:06:00.0
32768 MiB, 1894 MiB, 0 %, Tesla V100-PCIE-32GB, 00000000:06:00.0
32768 MiB, 1894 MiB, 0 %, Tesla V100-PCIE-32GB, 00000000:06:00.0
32768 MiB, 1894 MiB, 0 %, Tesla V100-PCIE-32GB, 00000000:06:00.0
32768 MiB, 1894 MiB, 3 %, Tesla V100-PCIE-32GB, 00000000:06:00.0
32768 MiB, 1894 MiB, 0 %, Tesla V100-PCIE-32GB, 00000000:06:00.0
32768 MiB, 1894 MiB, 0 %, Tesla V100-PCIE-32GB, 00000000:06:00.0
32768 MiB, 1894 MiB, 0 %, Tesla V100-PCIE-32GB, 00000000:06:00.0
32768 MiB, 1894 MiB, 0 %, Tesla V100-PCIE-32GB, 00000000:06:00.0
32768 MiB, 1894 MiB, 0 %, Tesla V100-PCIE-32GB, 00000000:06:00.0
32768 MiB, 1894 MiB, 0 %, Tesla V100-PCIE-32GB, 00000000:06:00.0
32768 MiB, 1894 MiB, 9 %, Tesla V100-PCIE-32GB, 00000000:06:00.0
32768 MiB, 1894 MiB, 0 %, Tesla V100-PCIE-32GB, 00000000:06:00.0
32768 MiB, 1894 MiB, 0 %, Tesla V100-PCIE-32GB, 00000000:06:00.0
32768 MiB, 1894 MiB, 0 %, Tesla V100-PCIE-32GB, 00000000:06:00.0
32768 MiB, 1894 MiB, 0 %, Tesla V100-PCIE-32GB, 00000000:06:00.0
32768 MiB, 1894 MiB, 0 %, Tesla V100-PCIE-32GB, 00000000:06:00.0
32768 MiB, 1894 MiB, 0 %, Tesla V100-PCIE-32GB, 00000000:06:00.0
32768 MiB, 1894 MiB, 42 %, Tesla V100-PCIE-32GB, 00000000:06:00.0
32768 MiB, 1894 MiB, 17 %, Tesla V100-PCIE-32GB, 00000000:06:00.0
32768 MiB, 1894 MiB, 0 %, Tesla V100-PCIE-32GB, 00000000:06:00.0
32768 MiB, 1894 MiB, 0 %, Tesla V100-PCIE-32GB, 00000000:06:00.0
32768 MiB, 1894 MiB, 0 %, Tesla V100-PCIE-32GB, 00000000:06:00.0
32768 MiB, 1894 MiB, 0 %, Tesla V100-PCIE-32GB, 00000000:06:00.0
32768 MiB, 1894 MiB, 0 %, Tesla V100-PCIE-32GB, 00000000:06:00.0
32768 MiB, 1894 MiB, 43 %, Tesla V100-PCIE-32GB, 00000000:06:00.0
32768 MiB, 1894 MiB, 43 %, Tesla V100-PCIE-32GB, 00000000:06:00.0
32768 MiB, 1894 MiB, 0 %, Tesla V100-PCIE-32GB, 00000000:06:00.0
32768 MiB, 1894 MiB, 0 %, Tesla V100-PCIE-32GB, 00000000:06:00.0
32768 MiB, 1894 MiB, 0 %, Tesla V100-PCIE-32GB, 00000000:06:00.0
32768 MiB, 1894 MiB, 0 %, Tesla V100-PCIE-32GB, 00000000:06:00.0
32768 MiB, 1894 MiB, 0 %, Tesla V100-PCIE-32GB, 00000000:06:00.0
32768 MiB, 1894 MiB, 22 %, Tesla V100-PCIE-32GB, 00000000:06:00.0
32768 MiB, 1894 MiB, 4 %, Tesla V100-PCIE-32GB, 00000000:06:00.0
32768 MiB, 1894 MiB, 0 %, Tesla V100-PCIE-32GB, 00000000:06:00.0
32768 MiB, 1894 MiB, 0 %, Tesla V100-PCIE-32GB, 00000000:06:00.0
32768 MiB, 1894 MiB, 0 %, Tesla V100-PCIE-32GB, 00000000:06:00.0
32768 MiB, 1894 MiB, 0 %, Tesla V100-PCIE-32GB, 00000000:06:00.0
32768 MiB, 1894 MiB, 0 %, Tesla V100-PCIE-32GB, 00000000:06:00.0
32768 MiB, 1894 MiB, 26 %, Tesla V100-PCIE-32GB, 00000000:06:00.0
32768 MiB, 1894 MiB, 43 %, Tesla V100-PCIE-32GB, 00000000:06:00.0
32768 MiB, 1894 MiB, 0 %, Tesla V100-PCIE-32GB, 00000000:06:00.0
32768 MiB, 1894 MiB, 0 %, Tesla V100-PCIE-32GB, 00000000:06:00.0
32768 MiB, 1894 MiB, 0 %, Tesla V100-PCIE-32GB, 00000000:06:00.0
32768 MiB, 1894 MiB, 0 %, Tesla V100-PCIE-32GB, 00000000:06:00.0
32768 MiB, 1894 MiB, 0 %, Tesla V100-PCIE-32GB, 00000000:06:00.0
32768 MiB, 1894 MiB, 46 %, Tesla V100-PCIE-32GB, 00000000:06:00.0
32768 MiB, 1894 MiB, 39 %, Tesla V100-PCIE-32GB, 00000000:06:00.0
32768 MiB, 1894 MiB, 1 %, Tesla V100-PCIE-32GB, 00000000:06:00.0
32768 MiB, 1894 MiB, 0 %, Tesla V100-PCIE-32GB, 00000000:06:00.0
32768 MiB, 1894 MiB, 0 %, Tesla V100-PCIE-32GB, 00000000:06:00.0
32768 MiB, 1894 MiB, 0 %, Tesla V100-PCIE-32GB, 00000000:06:00.0
32768 MiB, 1894 MiB, 0 %, Tesla V100-PCIE-32GB, 00000000:06:00.0
32768 MiB, 1894 MiB, 9 %, Tesla V100-PCIE-32GB, 00000000:06:00.0
32768 MiB, 1894 MiB, 6 %, Tesla V100-PCIE-32GB, 00000000:06:00.0
32768 MiB, 1894 MiB, 1 %, Tesla V100-PCIE-32GB, 00000000:06:00.0
32768 MiB, 1894 MiB, 0 %, Tesla V100-PCIE-32GB, 00000000:06:00.0
32768 MiB, 1894 MiB, 0 %, Tesla V100-PCIE-32GB, 00000000:06:00.0
32768 MiB, 1894 MiB, 0 %, Tesla V100-PCIE-32GB, 00000000:06:00.0
32768 MiB, 1894 MiB, 0 %, Tesla V100-PCIE-32GB, 00000000:06:00.0
32768 MiB, 1894 MiB, 0 %, Tesla V100-PCIE-32GB, 00000000:06:00.0
32768 MiB, 1894 MiB, 42 %, Tesla V100-PCIE-32GB, 00000000:06:00.0
32768 MiB, 1894 MiB, 0 %, Tesla V100-PCIE-32GB, 00000000:06:00.0
32768 MiB, 1894 MiB, 0 %, Tesla V100-PCIE-32GB, 00000000:06:00.0
32768 MiB, 1894 MiB, 0 %, Tesla V100-PCIE-32GB, 00000000:06:00.0
32768 MiB, 1894 MiB, 0 %, Tesla V100-PCIE-32GB, 00000000:06:00.0
32768 MiB, 1894 MiB, 0 %, Tesla V100-PCIE-32GB, 00000000:06:00.0
32768 MiB, 1894 MiB, 0 %, Tesla V100-PCIE-32GB, 00000000:06:00.0
32768 MiB, 1894 MiB, 43 %, Tesla V100-PCIE-32GB, 00000000:06:00.0
32768 MiB, 1894 MiB, 17 %, Tesla V100-PCIE-32GB, 00000000:06:00.0
32768 MiB, 1894 MiB, 0 %, Tesla V100-PCIE-32GB, 00000000:06:00.0
32768 MiB, 1894 MiB, 0 %, Tesla V100-PCIE-32GB, 00000000:06:00.0
32768 MiB, 1894 MiB, 0 %, Tesla V100-PCIE-32GB, 00000000:06:00.0
32768 MiB, 1894 MiB, 0 %, Tesla V100-PCIE-32GB, 00000000:06:00.0
32768 MiB, 1894 MiB, 0 %, Tesla V100-PCIE-32GB, 00000000:06:00.0
32768 MiB, 1894 MiB, 42 %, Tesla V100-PCIE-32GB, 00000000:06:00.0
32768 MiB, 1894 MiB, 17 %, Tesla V100-PCIE-32GB, 00000000:06:00.0
32768 MiB, 1894 MiB, 0 %, Tesla V100-PCIE-32GB, 00000000:06:00.0
32768 MiB, 1894 MiB, 0 %, Tesla V100-PCIE-32GB, 00000000:06:00.0
32768 MiB, 1894 MiB, 0 %, Tesla V100-PCIE-32GB, 00000000:06:00.0
32768 MiB, 1894 MiB, 0 %, Tesla V100-PCIE-32GB, 00000000:06:00.0
32768 MiB, 1894 MiB, 0 %, Tesla V100-PCIE-32GB, 00000000:06:00.0
32768 MiB, 1894 MiB, 43 %, Tesla V100-PCIE-32GB, 00000000:06:00.0
32768 MiB, 1894 MiB, 43 %, Tesla V100-PCIE-32GB, 00000000:06:00.0
32768 MiB, 1894 MiB, 0 %, Tesla V100-PCIE-32GB, 00000000:06:00.0
32768 MiB, 1894 MiB, 0 %, Tesla V100-PCIE-32GB, 00000000:06:00.0
32768 MiB, 1894 MiB, 0 %, Tesla V100-PCIE-32GB, 00000000:06:00.0
32768 MiB, 1894 MiB, 0 %, Tesla V100-PCIE-32GB, 00000000:06:00.0
32768 MiB, 1894 MiB, 0 %, Tesla V100-PCIE-32GB, 00000000:06:00.0
32768 MiB, 1894 MiB, 4 %, Tesla V100-PCIE-32GB, 00000000:06:00.0
32768 MiB, 1894 MiB, 12 %, Tesla V100-PCIE-32GB, 00000000:06:00.0
32768 MiB, 1894 MiB, 0 %, Tesla V100-PCIE-32GB, 00000000:06:00.0
32768 MiB, 1894 MiB, 0 %, Tesla V100-PCIE-32GB, 00000000:06:00.0
32768 MiB, 1894 MiB, 0 %, Tesla V100-PCIE-32GB, 00000000:06:00.0
32768 MiB, 1894 MiB, 0 %, Tesla V100-PCIE-32GB, 00000000:06:00.0
32768 MiB, 1894 MiB, 0 %, Tesla V100-PCIE-32GB, 00000000:06:00.0
32768 MiB, 1894 MiB, 46 %, Tesla V100-PCIE-32GB, 00000000:06:00.0
32768 MiB, 1894 MiB, 43 %, Tesla V100-PCIE-32GB, 00000000:06:00.0
32768 MiB, 1894 MiB, 1 %, Tesla V100-PCIE-32GB, 00000000:06:00.0
32768 MiB, 1894 MiB, 0 %, Tesla V100-PCIE-32GB, 00000000:06:00.0
32768 MiB, 1894 MiB, 0 %, Tesla V100-PCIE-32GB, 00000000:06:00.0
32768 MiB, 1894 MiB, 0 %, Tesla V100-PCIE-32GB, 00000000:06:00.0
32768 MiB, 1894 MiB, 0 %, Tesla V100-PCIE-32GB, 00000000:06:00.0
32768 MiB, 1894 MiB, 32 %, Tesla V100-PCIE-32GB, 00000000:06:00.0
32768 MiB, 1894 MiB, 12 %, Tesla V100-PCIE-32GB, 00000000:06:00.0
32768 MiB, 1894 MiB, 1 %, Tesla V100-PCIE-32GB, 00000000:06:00.0
32768 MiB, 1894 MiB, 0 %, Tesla V100-PCIE-32GB, 00000000:06:00.0
32768 MiB, 1894 MiB, 0 %, Tesla V100-PCIE-32GB, 00000000:06:00.0
32768 MiB, 1894 MiB, 0 %, Tesla V100-PCIE-32GB, 00000000:06:00.0
32768 MiB, 1894 MiB, 0 %, Tesla V100-PCIE-32GB, 00000000:06:00.0
32768 MiB, 1894 MiB, 0 %, Tesla V100-PCIE-32GB, 00000000:06:00.0
32768 MiB, 1894 MiB, 35 %, Tesla V100-PCIE-32GB, 00000000:06:00.0
32768 MiB, 1894 MiB, 0 %, Tesla V100-PCIE-32GB, 00000000:06:00.0
32768 MiB, 1894 MiB, 0 %, Tesla V100-PCIE-32GB, 00000000:06:00.0
32768 MiB, 1894 MiB, 0 %, Tesla V100-PCIE-32GB, 00000000:06:00.0
32768 MiB, 1894 MiB, 0 %, Tesla V100-PCIE-32GB, 00000000:06:00.0
32768 MiB, 1894 MiB, 0 %, Tesla V100-PCIE-32GB, 00000000:06:00.0
32768 MiB, 1894 MiB, 0 %, Tesla V100-PCIE-32GB, 00000000:06:00.0
32768 MiB, 1894 MiB, 42 %, Tesla V100-PCIE-32GB, 00000000:06:00.0
32768 MiB, 1894 MiB, 0 %, Tesla V100-PCIE-32GB, 00000000:06:00.0
32768 MiB, 1894 MiB, 0 %, Tesla V100-PCIE-32GB, 00000000:06:00.0
32768 MiB, 1894 MiB, 0 %, Tesla V100-PCIE-32GB, 00000000:06:00.0
32768 MiB, 1894 MiB, 0 %, Tesla V100-PCIE-32GB, 00000000:06:00.0
32768 MiB, 1894 MiB, 0 %, Tesla V100-PCIE-32GB, 00000000:06:00.0
32768 MiB, 1894 MiB, 0 %, Tesla V100-PCIE-32GB, 00000000:06:00.0
32768 MiB, 1894 MiB, 36 %, Tesla V100-PCIE-32GB, 00000000:06:00.0
32768 MiB, 1894 MiB, 17 %, Tesla V100-PCIE-32GB, 00000000:06:00.0
32768 MiB, 1894 MiB, 0 %, Tesla V100-PCIE-32GB, 00000000:06:00.0
32768 MiB, 1894 MiB, 0 %, Tesla V100-PCIE-32GB, 00000000:06:00.0
32768 MiB, 1894 MiB, 0 %, Tesla V100-PCIE-32GB, 00000000:06:00.0
32768 MiB, 1894 MiB, 0 %, Tesla V100-PCIE-32GB, 00000000:06:00.0
32768 MiB, 1894 MiB, 0 %, Tesla V100-PCIE-32GB, 00000000:06:00.0
32768 MiB, 1894 MiB, 12 %, Tesla V100-PCIE-32GB, 00000000:06:00.0
32768 MiB, 1894 MiB, 33 %, Tesla V100-PCIE-32GB, 00000000:06:00.0
32768 MiB, 1894 MiB, 0 %, Tesla V100-PCIE-32GB, 00000000:06:00.0
32768 MiB, 1894 MiB, 0 %, Tesla V100-PCIE-32GB, 00000000:06:00.0
32768 MiB, 1894 MiB, 0 %, Tesla V100-PCIE-32GB, 00000000:06:00.0
32768 MiB, 1894 MiB, 0 %, Tesla V100-PCIE-32GB, 00000000:06:00.0
32768 MiB, 1894 MiB, 0 %, Tesla V100-PCIE-32GB, 00000000:06:00.0
32768 MiB, 1894 MiB, 37 %, Tesla V100-PCIE-32GB, 00000000:06:00.0
32768 MiB, 1894 MiB, 41 %, Tesla V100-PCIE-32GB, 00000000:06:00.0
32768 MiB, 1894 MiB, 0 %, Tesla V100-PCIE-32GB, 00000000:06:00.0
32768 MiB, 1894 MiB, 0 %, Tesla V100-PCIE-32GB, 00000000:06:00.0
32768 MiB, 1894 MiB, 0 %, Tesla V100-PCIE-32GB, 00000000:06:00.0
32768 MiB, 1894 MiB, 0 %, Tesla V100-PCIE-32GB, 00000000:06:00.0
32768 MiB, 1894 MiB, 0 %, Tesla V100-PCIE-32GB, 00000000:06:00.0
32768 MiB, 1894 MiB, 1 %, Tesla V100-PCIE-32GB, 00000000:06:00.0
32768 MiB, 1894 MiB, 14 %, Tesla V100-PCIE-32GB, 00000000:06:00.0
32768 MiB, 1894 MiB, 0 %, Tesla V100-PCIE-32GB, 00000000:06:00.0
32768 MiB, 1894 MiB, 0 %, Tesla V100-PCIE-32GB, 00000000:06:00.0
32768 MiB, 1894 MiB, 0 %, Tesla V100-PCIE-32GB, 00000000:06:00.0
32768 MiB, 1894 MiB, 0 %, Tesla V100-PCIE-32GB, 00000000:06:00.0
32768 MiB, 1894 MiB, 0 %, Tesla V100-PCIE-32GB, 00000000:06:00.0
32768 MiB, 1894 MiB, 42 %, Tesla V100-PCIE-32GB, 00000000:06:00.0
32768 MiB, 1894 MiB, 42 %, Tesla V100-PCIE-32GB, 00000000:06:00.0
32768 MiB, 1894 MiB, 1 %, Tesla V100-PCIE-32GB, 00000000:06:00.0
32768 MiB, 1894 MiB, 0 %, Tesla V100-PCIE-32GB, 00000000:06:00.0
32768 MiB, 1894 MiB, 0 %, Tesla V100-PCIE-32GB, 00000000:06:00.0
32768 MiB, 1894 MiB, 0 %, Tesla V100-PCIE-32GB, 00000000:06:00.0
32768 MiB, 1894 MiB, 0 %, Tesla V100-PCIE-32GB, 00000000:06:00.0
32768 MiB, 1894 MiB, 21 %, Tesla V100-PCIE-32GB, 00000000:06:00.0
32768 MiB, 1894 MiB, 0 %, Tesla V100-PCIE-32GB, 00000000:06:00.0
32768 MiB, 1894 MiB, 1 %, Tesla V100-PCIE-32GB, 00000000:06:00.0
32768 MiB, 1894 MiB, 0 %, Tesla V100-PCIE-32GB, 00000000:06:00.0
32768 MiB, 1894 MiB, 0 %, Tesla V100-PCIE-32GB, 00000000:06:00.0
32768 MiB, 1894 MiB, 0 %, Tesla V100-PCIE-32GB, 00000000:06:00.0
32768 MiB, 1894 MiB, 0 %, Tesla V100-PCIE-32GB, 00000000:06:00.0
32768 MiB, 1894 MiB, 0 %, Tesla V100-PCIE-32GB, 00000000:06:00.0
32768 MiB, 1894 MiB, 35 %, Tesla V100-PCIE-32GB, 00000000:06:00.0
32768 MiB, 1894 MiB, 0 %, Tesla V100-PCIE-32GB, 00000000:06:00.0
32768 MiB, 1894 MiB, 0 %, Tesla V100-PCIE-32GB, 00000000:06:00.0
32768 MiB, 1894 MiB, 0 %, Tesla V100-PCIE-32GB, 00000000:06:00.0
32768 MiB, 1894 MiB, 0 %, Tesla V100-PCIE-32GB, 00000000:06:00.0
32768 MiB, 1894 MiB, 0 %, Tesla V100-PCIE-32GB, 00000000:06:00.0
32768 MiB, 1894 MiB, 0 %, Tesla V100-PCIE-32GB, 00000000:06:00.0
32768 MiB, 1894 MiB, 42 %, Tesla V100-PCIE-32GB, 00000000:06:00.0
32768 MiB, 1894 MiB, 10 %, Tesla V100-PCIE-32GB, 00000000:06:00.0
32768 MiB, 1894 MiB, 0 %, Tesla V100-PCIE-32GB, 00000000:06:00.0
32768 MiB, 1894 MiB, 0 %, Tesla V100-PCIE-32GB, 00000000:06:00.0
32768 MiB, 1894 MiB, 0 %, Tesla V100-PCIE-32GB, 00000000:06:00.0
32768 MiB, 1894 MiB, 0 %, Tesla V100-PCIE-32GB, 00000000:06:00.0
32768 MiB, 1894 MiB, 0 %, Tesla V100-PCIE-32GB, 00000000:06:00.0
32768 MiB, 1894 MiB, 25 %, Tesla V100-PCIE-32GB, 00000000:06:00.0
32768 MiB, 1894 MiB, 17 %, Tesla V100-PCIE-32GB, 00000000:06:00.0
32768 MiB, 1894 MiB, 0 %, Tesla V100-PCIE-32GB, 00000000:06:00.0
32768 MiB, 1894 MiB, 0 %, Tesla V100-PCIE-32GB, 00000000:06:00.0
32768 MiB, 1894 MiB, 0 %, Tesla V100-PCIE-32GB, 00000000:06:00.0
32768 MiB, 1894 MiB, 0 %, Tesla V100-PCIE-32GB, 00000000:06:00.0
32768 MiB, 1894 MiB, 0 %, Tesla V100-PCIE-32GB, 00000000:06:00.0
32768 MiB, 1894 MiB, 20 %, Tesla V100-PCIE-32GB, 00000000:06:00.0
32768 MiB, 1894 MiB, 40 %, Tesla V100-PCIE-32GB, 00000000:06:00.0
32768 MiB, 1894 MiB, 0 %, Tesla V100-PCIE-32GB, 00000000:06:00.0
32768 MiB, 1894 MiB, 0 %, Tesla V100-PCIE-32GB, 00000000:06:00.0
32768 MiB, 1894 MiB, 0 %, Tesla V100-PCIE-32GB, 00000000:06:00.0
32768 MiB, 1894 MiB, 0 %, Tesla V100-PCIE-32GB, 00000000:06:00.0
32768 MiB, 1894 MiB, 0 %, Tesla V100-PCIE-32GB, 00000000:06:00.0
32768 MiB, 1894 MiB, 42 %, Tesla V100-PCIE-32GB, 00000000:06:00.0
32768 MiB, 1894 MiB, 28 %, Tesla V100-PCIE-32GB, 00000000:06:00.0
32768 MiB, 1894 MiB, 0 %, Tesla V100-PCIE-32GB, 00000000:06:00.0
32768 MiB, 1894 MiB, 0 %, Tesla V100-PCIE-32GB, 00000000:06:00.0
32768 MiB, 1894 MiB, 0 %, Tesla V100-PCIE-32GB, 00000000:06:00.0
32768 MiB, 1894 MiB, 0 %, Tesla V100-PCIE-32GB, 00000000:06:00.0
32768 MiB, 1894 MiB, 0 %, Tesla V100-PCIE-32GB, 00000000:06:00.0
32768 MiB, 1894 MiB, 0 %, Tesla V100-PCIE-32GB, 00000000:06:00.0
32768 MiB, 1894 MiB, 14 %, Tesla V100-PCIE-32GB, 00000000:06:00.0
32768 MiB, 1894 MiB, 0 %, Tesla V100-PCIE-32GB, 00000000:06:00.0
32768 MiB, 1894 MiB, 0 %, Tesla V100-PCIE-32GB, 00000000:06:00.0
32768 MiB, 1894 MiB, 0 %, Tesla V100-PCIE-32GB, 00000000:06:00.0
32768 MiB, 1894 MiB, 0 %, Tesla V100-PCIE-32GB, 00000000:06:00.0
32768 MiB, 1894 MiB, 0 %, Tesla V100-PCIE-32GB, 00000000:06:00.0
32768 MiB, 1894 MiB, 42 %, Tesla V100-PCIE-32GB, 00000000:06:00.0
32768 MiB, 1894 MiB, 32 %, Tesla V100-PCIE-32GB, 00000000:06:00.0
32768 MiB, 1894 MiB, 1 %, Tesla V100-PCIE-32GB, 00000000:06:00.0
32768 MiB, 1894 MiB, 0 %, Tesla V100-PCIE-32GB, 00000000:06:00.0
32768 MiB, 1894 MiB, 0 %, Tesla V100-PCIE-32GB, 00000000:06:00.0
32768 MiB, 1894 MiB, 0 %, Tesla V100-PCIE-32GB, 00000000:06:00.0
32768 MiB, 1894 MiB, 0 %, Tesla V100-PCIE-32GB, 00000000:06:00.0
32768 MiB, 1894 MiB, 0 %, Tesla V100-PCIE-32GB, 00000000:06:00.0
32768 MiB, 1894 MiB, 21 %, Tesla V100-PCIE-32GB, 00000000:06:00.0
32768 MiB, 1894 MiB, 0 %, Tesla V100-PCIE-32GB, 00000000:06:00.0
32768 MiB, 1894 MiB, 0 %, Tesla V100-PCIE-32GB, 00000000:06:00.0
32768 MiB, 1894 MiB, 0 %, Tesla V100-PCIE-32GB, 00000000:06:00.0
32768 MiB, 1894 MiB, 0 %, Tesla V100-PCIE-32GB, 00000000:06:00.0
32768 MiB, 1894 MiB, 0 %, Tesla V100-PCIE-32GB, 00000000:06:00.0
32768 MiB, 1894 MiB, 0 %, Tesla V100-PCIE-32GB, 00000000:06:00.0
32768 MiB, 1894 MiB, 22 %, Tesla V100-PCIE-32GB, 00000000:06:00.0
32768 MiB, 1894 MiB, 0 %, Tesla V100-PCIE-32GB, 00000000:06:00.0
32768 MiB, 1894 MiB, 0 %, Tesla V100-PCIE-32GB, 00000000:06:00.0
32768 MiB, 1894 MiB, 0 %, Tesla V100-PCIE-32GB, 00000000:06:00.0
32768 MiB, 1894 MiB, 0 %, Tesla V100-PCIE-32GB, 00000000:06:00.0
32768 MiB, 1894 MiB, 0 %, Tesla V100-PCIE-32GB, 00000000:06:00.0
32768 MiB, 1894 MiB, 0 %, Tesla V100-PCIE-32GB, 00000000:06:00.0
32768 MiB, 1894 MiB, 43 %, Tesla V100-PCIE-32GB, 00000000:06:00.0
32768 MiB, 1894 MiB, 17 %, Tesla V100-PCIE-32GB, 00000000:06:00.0
32768 MiB, 1894 MiB, 0 %, Tesla V100-PCIE-32GB, 00000000:06:00.0
32768 MiB, 1894 MiB, 0 %, Tesla V100-PCIE-32GB, 00000000:06:00.0
32768 MiB, 1894 MiB, 0 %, Tesla V100-PCIE-32GB, 00000000:06:00.0
32768 MiB, 1894 MiB, 0 %, Tesla V100-PCIE-32GB, 00000000:06:00.0
32768 MiB, 1894 MiB, 0 %, Tesla V100-PCIE-32GB, 00000000:06:00.0
32768 MiB, 1894 MiB, 4 %, Tesla V100-PCIE-32GB, 00000000:06:00.0
32768 MiB, 1894 MiB, 21 %, Tesla V100-PCIE-32GB, 00000000:06:00.0
32768 MiB, 1894 MiB, 0 %, Tesla V100-PCIE-32GB, 00000000:06:00.0
32768 MiB, 1894 MiB, 0 %, Tesla V100-PCIE-32GB, 00000000:06:00.0
32768 MiB, 1894 MiB, 0 %, Tesla V100-PCIE-32GB, 00000000:06:00.0
32768 MiB, 1894 MiB, 0 %, Tesla V100-PCIE-32GB, 00000000:06:00.0
32768 MiB, 1894 MiB, 0 %, Tesla V100-PCIE-32GB, 00000000:06:00.0
32768 MiB, 1894 MiB, 43 %, Tesla V100-PCIE-32GB, 00000000:06:00.0
32768 MiB, 1894 MiB, 43 %, Tesla V100-PCIE-32GB, 00000000:06:00.0
32768 MiB, 1894 MiB, 0 %, Tesla V100-PCIE-32GB, 00000000:06:00.0
32768 MiB, 1894 MiB, 0 %, Tesla V100-PCIE-32GB, 00000000:06:00.0
32768 MiB, 1894 MiB, 0 %, Tesla V100-PCIE-32GB, 00000000:06:00.0
32768 MiB, 1894 MiB, 0 %, Tesla V100-PCIE-32GB, 00000000:06:00.0
32768 MiB, 1894 MiB, 0 %, Tesla V100-PCIE-32GB, 00000000:06:00.0
32768 MiB, 1894 MiB, 20 %, Tesla V100-PCIE-32GB, 00000000:06:00.0
32768 MiB, 1894 MiB, 0 %, Tesla V100-PCIE-32GB, 00000000:06:00.0
32768 MiB, 1894 MiB, 0 %, Tesla V100-PCIE-32GB, 00000000:06:00.0
32768 MiB, 1894 MiB, 0 %, Tesla V100-PCIE-32GB, 00000000:06:00.0
32768 MiB, 1894 MiB, 0 %, Tesla V100-PCIE-32GB, 00000000:06:00.0
32768 MiB, 1894 MiB, 0 %, Tesla V100-PCIE-32GB, 00000000:06:00.0
32768 MiB, 1894 MiB, 0 %, Tesla V100-PCIE-32GB, 00000000:06:00.0
32768 MiB, 1894 MiB, 17 %, Tesla V100-PCIE-32GB, 00000000:06:00.0
32768 MiB, 1894 MiB, 35 %, Tesla V100-PCIE-32GB, 00000000:06:00.0
32768 MiB, 1894 MiB, 0 %, Tesla V100-PCIE-32GB, 00000000:06:00.0
32768 MiB, 1894 MiB, 0 %, Tesla V100-PCIE-32GB, 00000000:06:00.0
32768 MiB, 1894 MiB, 0 %, Tesla V100-PCIE-32GB, 00000000:06:00.0
32768 MiB, 1894 MiB, 0 %, Tesla V100-PCIE-32GB, 00000000:06:00.0
32768 MiB, 1894 MiB, 0 %, Tesla V100-PCIE-32GB, 00000000:06:00.0
32768 MiB, 1894 MiB, 42 %, Tesla V100-PCIE-32GB, 00000000:06:00.0
32768 MiB, 1894 MiB, 39 %, Tesla V100-PCIE-32GB, 00000000:06:00.0
32768 MiB, 1894 MiB, 1 %, Tesla V100-PCIE-32GB, 00000000:06:00.0
32768 MiB, 1894 MiB, 0 %, Tesla V100-PCIE-32GB, 00000000:06:00.0
32768 MiB, 1894 MiB, 0 %, Tesla V100-PCIE-32GB, 00000000:06:00.0
32768 MiB, 1894 MiB, 0 %, Tesla V100-PCIE-32GB, 00000000:06:00.0
32768 MiB, 1894 MiB, 0 %, Tesla V100-PCIE-32GB, 00000000:06:00.0
32768 MiB, 1894 MiB, 0 %, Tesla V100-PCIE-32GB, 00000000:06:00.0
32768 MiB, 1894 MiB, 42 %, Tesla V100-PCIE-32GB, 00000000:06:00.0
32768 MiB, 1894 MiB, 0 %, Tesla V100-PCIE-32GB, 00000000:06:00.0
32768 MiB, 1894 MiB, 0 %, Tesla V100-PCIE-32GB, 00000000:06:00.0
32768 MiB, 1894 MiB, 0 %, Tesla V100-PCIE-32GB, 00000000:06:00.0
32768 MiB, 1894 MiB, 0 %, Tesla V100-PCIE-32GB, 00000000:06:00.0
32768 MiB, 1894 MiB, 0 %, Tesla V100-PCIE-32GB, 00000000:06:00.0
32768 MiB, 1894 MiB, 0 %, Tesla V100-PCIE-32GB, 00000000:06:00.0
32768 MiB, 1894 MiB, 42 %, Tesla V100-PCIE-32GB, 00000000:06:00.0
32768 MiB, 1894 MiB, 17 %, Tesla V100-PCIE-32GB, 00000000:06:00.0
32768 MiB, 1894 MiB, 0 %, Tesla V100-PCIE-32GB, 00000000:06:00.0
32768 MiB, 1894 MiB, 0 %, Tesla V100-PCIE-32GB, 00000000:06:00.0
32768 MiB, 1894 MiB, 0 %, Tesla V100-PCIE-32GB, 00000000:06:00.0
32768 MiB, 1894 MiB, 0 %, Tesla V100-PCIE-32GB, 00000000:06:00.0
32768 MiB, 1894 MiB, 0 %, Tesla V100-PCIE-32GB, 00000000:06:00.0
32768 MiB, 1894 MiB, 30 %, Tesla V100-PCIE-32GB, 00000000:06:00.0
32768 MiB, 1894 MiB, 42 %, Tesla V100-PCIE-32GB, 00000000:06:00.0
32768 MiB, 1894 MiB, 0 %, Tesla V100-PCIE-32GB, 00000000:06:00.0
32768 MiB, 1894 MiB, 0 %, Tesla V100-PCIE-32GB, 00000000:06:00.0
32768 MiB, 1894 MiB, 0 %, Tesla V100-PCIE-32GB, 00000000:06:00.0
32768 MiB, 1894 MiB, 0 %, Tesla V100-PCIE-32GB, 00000000:06:00.0
32768 MiB, 1894 MiB, 0 %, Tesla V100-PCIE-32GB, 00000000:06:00.0
32768 MiB, 1894 MiB, 43 %, Tesla V100-PCIE-32GB, 00000000:06:00.0
32768 MiB, 1894 MiB, 30 %, Tesla V100-PCIE-32GB, 00000000:06:00.0
32768 MiB, 1894 MiB, 1 %, Tesla V100-PCIE-32GB, 00000000:06:00.0
32768 MiB, 1894 MiB, 0 %, Tesla V100-PCIE-32GB, 00000000:06:00.0
32768 MiB, 1894 MiB, 0 %, Tesla V100-PCIE-32GB, 00000000:06:00.0
32768 MiB, 1894 MiB, 0 %, Tesla V100-PCIE-32GB, 00000000:06:00.0
32768 MiB, 1894 MiB, 0 %, Tesla V100-PCIE-32GB, 00000000:06:00.0
32768 MiB, 1894 MiB, 0 %, Tesla V100-PCIE-32GB, 00000000:06:00.0
32768 MiB, 1894 MiB, 16 %, Tesla V100-PCIE-32GB, 00000000:06:00.0
32768 MiB, 1894 MiB, 1 %, Tesla V100-PCIE-32GB, 00000000:06:00.0
32768 MiB, 1894 MiB, 0 %, Tesla V100-PCIE-32GB, 00000000:06:00.0
32768 MiB, 1894 MiB, 0 %, Tesla V100-PCIE-32GB, 00000000:06:00.0
32768 MiB, 1894 MiB, 0 %, Tesla V100-PCIE-32GB, 00000000:06:00.0
32768 MiB, 1894 MiB, 0 %, Tesla V100-PCIE-32GB, 00000000:06:00.0
32768 MiB, 1894 MiB, 0 %, Tesla V100-PCIE-32GB, 00000000:06:00.0
32768 MiB, 1894 MiB, 42 %, Tesla V100-PCIE-32GB, 00000000:06:00.0
32768 MiB, 1894 MiB, 0 %, Tesla V100-PCIE-32GB, 00000000:06:00.0
32768 MiB, 1894 MiB, 0 %, Tesla V100-PCIE-32GB, 00000000:06:00.0
32768 MiB, 1894 MiB, 0 %, Tesla V100-PCIE-32GB, 00000000:06:00.0
32768 MiB, 1894 MiB, 0 %, Tesla V100-PCIE-32GB, 00000000:06:00.0
32768 MiB, 1894 MiB, 0 %, Tesla V100-PCIE-32GB, 00000000:06:00.0
32768 MiB, 1894 MiB, 0 %, Tesla V100-PCIE-32GB, 00000000:06:00.0
32768 MiB, 1894 MiB, 0 %, Tesla V100-PCIE-32GB, 00000000:06:00.0
32768 MiB, 1894 MiB, 0 %, Tesla V100-PCIE-32GB, 00000000:06:00.0
32768 MiB, 1894 MiB, 0 %, Tesla V100-PCIE-32GB, 00000000:06:00.0
32768 MiB, 1894 MiB, 0 %, Tesla V100-PCIE-32GB, 00000000:06:00.0
32768 MiB, 1894 MiB, 0 %, Tesla V100-PCIE-32GB, 00000000:06:00.0
32768 MiB, 1894 MiB, 0 %, Tesla V100-PCIE-32GB, 00000000:06:00.0
32768 MiB, 1894 MiB, 0 %, Tesla V100-PCIE-32GB, 00000000:06:00.0
32768 MiB, 1894 MiB, 8 %, Tesla V100-PCIE-32GB, 00000000:06:00.0
32768 MiB, 1894 MiB, 30 %, Tesla V100-PCIE-32GB, 00000000:06:00.0
32768 MiB, 1894 MiB, 0 %, Tesla V100-PCIE-32GB, 00000000:06:00.0
32768 MiB, 1894 MiB, 0 %, Tesla V100-PCIE-32GB, 00000000:06:00.0
32768 MiB, 1894 MiB, 0 %, Tesla V100-PCIE-32GB, 00000000:06:00.0
32768 MiB, 1894 MiB, 0 %, Tesla V100-PCIE-32GB, 00000000:06:00.0
32768 MiB, 1894 MiB, 0 %, Tesla V100-PCIE-32GB, 00000000:06:00.0
32768 MiB, 1894 MiB, 43 %, Tesla V100-PCIE-32GB, 00000000:06:00.0
32768 MiB, 1894 MiB, 39 %, Tesla V100-PCIE-32GB, 00000000:06:00.0
32768 MiB, 1894 MiB, 0 %, Tesla V100-PCIE-32GB, 00000000:06:00.0
32768 MiB, 1894 MiB, 0 %, Tesla V100-PCIE-32GB, 00000000:06:00.0
32768 MiB, 1894 MiB, 0 %, Tesla V100-PCIE-32GB, 00000000:06:00.0
32768 MiB, 1894 MiB, 0 %, Tesla V100-PCIE-32GB, 00000000:06:00.0
32768 MiB, 1894 MiB, 0 %, Tesla V100-PCIE-32GB, 00000000:06:00.0
32768 MiB, 1894 MiB, 22 %, Tesla V100-PCIE-32GB, 00000000:06:00.0
32768 MiB, 1894 MiB, 10 %, Tesla V100-PCIE-32GB, 00000000:06:00.0
32768 MiB, 1894 MiB, 0 %, Tesla V100-PCIE-32GB, 00000000:06:00.0
32768 MiB, 1894 MiB, 0 %, Tesla V100-PCIE-32GB, 00000000:06:00.0
32768 MiB, 1894 MiB, 0 %, Tesla V100-PCIE-32GB, 00000000:06:00.0
32768 MiB, 1894 MiB, 0 %, Tesla V100-PCIE-32GB, 00000000:06:00.0
32768 MiB, 1894 MiB, 0 %, Tesla V100-PCIE-32GB, 00000000:06:00.0
32768 MiB, 1894 MiB, 42 %, Tesla V100-PCIE-32GB, 00000000:06:00.0
32768 MiB, 1894 MiB, 36 %, Tesla V100-PCIE-32GB, 00000000:06:00.0
32768 MiB, 1894 MiB, 1 %, Tesla V100-PCIE-32GB, 00000000:06:00.0
32768 MiB, 1894 MiB, 0 %, Tesla V100-PCIE-32GB, 00000000:06:00.0
32768 MiB, 1894 MiB, 0 %, Tesla V100-PCIE-32GB, 00000000:06:00.0
32768 MiB, 1894 MiB, 0 %, Tesla V100-PCIE-32GB, 00000000:06:00.0
32768 MiB, 1894 MiB, 0 %, Tesla V100-PCIE-32GB, 00000000:06:00.0
32768 MiB, 1894 MiB, 6 %, Tesla V100-PCIE-32GB, 00000000:06:00.0
32768 MiB, 1894 MiB, 7 %, Tesla V100-PCIE-32GB, 00000000:06:00.0
32768 MiB, 1894 MiB, 1 %, Tesla V100-PCIE-32GB, 00000000:06:00.0
32768 MiB, 1894 MiB, 0 %, Tesla V100-PCIE-32GB, 00000000:06:00.0
32768 MiB, 1894 MiB, 0 %, Tesla V100-PCIE-32GB, 00000000:06:00.0
32768 MiB, 1894 MiB, 0 %, Tesla V100-PCIE-32GB, 00000000:06:00.0
32768 MiB, 1894 MiB, 0 %, Tesla V100-PCIE-32GB, 00000000:06:00.0
32768 MiB, 1894 MiB, 0 %, Tesla V100-PCIE-32GB, 00000000:06:00.0
32768 MiB, 1894 MiB, 43 %, Tesla V100-PCIE-32GB, 00000000:06:00.0
32768 MiB, 1894 MiB, 0 %, Tesla V100-PCIE-32GB, 00000000:06:00.0
32768 MiB, 1894 MiB, 0 %, Tesla V100-PCIE-32GB, 00000000:06:00.0
32768 MiB, 1894 MiB, 0 %, Tesla V100-PCIE-32GB, 00000000:06:00.0
32768 MiB, 1894 MiB, 0 %, Tesla V100-PCIE-32GB, 00000000:06:00.0
32768 MiB, 1894 MiB, 0 %, Tesla V100-PCIE-32GB, 00000000:06:00.0
32768 MiB, 1894 MiB, 0 %, Tesla V100-PCIE-32GB, 00000000:06:00.0
32768 MiB, 1894 MiB, 10 %, Tesla V100-PCIE-32GB, 00000000:06:00.0
32768 MiB, 1894 MiB, 0 %, Tesla V100-PCIE-32GB, 00000000:06:00.0
32768 MiB, 1894 MiB, 0 %, Tesla V100-PCIE-32GB, 00000000:06:00.0
32768 MiB, 1894 MiB, 0 %, Tesla V100-PCIE-32GB, 00000000:06:00.0
32768 MiB, 1894 MiB, 0 %, Tesla V100-PCIE-32GB, 00000000:06:00.0
32768 MiB, 1894 MiB, 0 %, Tesla V100-PCIE-32GB, 00000000:06:00.0
32768 MiB, 1894 MiB, 0 %, Tesla V100-PCIE-32GB, 00000000:06:00.0
32768 MiB, 1894 MiB, 41 %, Tesla V100-PCIE-32GB, 00000000:06:00.0
32768 MiB, 1894 MiB, 8 %, Tesla V100-PCIE-32GB, 00000000:06:00.0
32768 MiB, 1894 MiB, 0 %, Tesla V100-PCIE-32GB, 00000000:06:00.0
32768 MiB, 1894 MiB, 0 %, Tesla V100-PCIE-32GB, 00000000:06:00.0
32768 MiB, 1894 MiB, 0 %, Tesla V100-PCIE-32GB, 00000000:06:00.0
32768 MiB, 1894 MiB, 0 %, Tesla V100-PCIE-32GB, 00000000:06:00.0
32768 MiB, 1894 MiB, 0 %, Tesla V100-PCIE-32GB, 00000000:06:00.0
32768 MiB, 1894 MiB, 43 %, Tesla V100-PCIE-32GB, 00000000:06:00.0
32768 MiB, 1894 MiB, 42 %, Tesla V100-PCIE-32GB, 00000000:06:00.0
32768 MiB, 1894 MiB, 0 %, Tesla V100-PCIE-32GB, 00000000:06:00.0
32768 MiB, 1894 MiB, 0 %, Tesla V100-PCIE-32GB, 00000000:06:00.0
32768 MiB, 1894 MiB, 0 %, Tesla V100-PCIE-32GB, 00000000:06:00.0
32768 MiB, 1894 MiB, 0 %, Tesla V100-PCIE-32GB, 00000000:06:00.0
32768 MiB, 1894 MiB, 0 %, Tesla V100-PCIE-32GB, 00000000:06:00.0
32768 MiB, 1894 MiB, 16 %, Tesla V100-PCIE-32GB, 00000000:06:00.0
32768 MiB, 1894 MiB, 0 %, Tesla V100-PCIE-32GB, 00000000:06:00.0
32768 MiB, 1894 MiB, 0 %, Tesla V100-PCIE-32GB, 00000000:06:00.0
32768 MiB, 1894 MiB, 0 %, Tesla V100-PCIE-32GB, 00000000:06:00.0
32768 MiB, 1894 MiB, 0 %, Tesla V100-PCIE-32GB, 00000000:06:00.0
32768 MiB, 1894 MiB, 0 %, Tesla V100-PCIE-32GB, 00000000:06:00.0
32768 MiB, 1894 MiB, 0 %, Tesla V100-PCIE-32GB, 00000000:06:00.0
32768 MiB, 1894 MiB, 35 %, Tesla V100-PCIE-32GB, 00000000:06:00.0
32768 MiB, 1894 MiB, 42 %, Tesla V100-PCIE-32GB, 00000000:06:00.0
32768 MiB, 1894 MiB, 0 %, Tesla V100-PCIE-32GB, 00000000:06:00.0
32768 MiB, 1894 MiB, 0 %, Tesla V100-PCIE-32GB, 00000000:06:00.0
32768 MiB, 1894 MiB, 0 %, Tesla V100-PCIE-32GB, 00000000:06:00.0
32768 MiB, 1894 MiB, 0 %, Tesla V100-PCIE-32GB, 00000000:06:00.0
32768 MiB, 1894 MiB, 0 %, Tesla V100-PCIE-32GB, 00000000:06:00.0
32768 MiB, 1894 MiB, 42 %, Tesla V100-PCIE-32GB, 00000000:06:00.0
32768 MiB, 1894 MiB, 27 %, Tesla V100-PCIE-32GB, 00000000:06:00.0
32768 MiB, 1894 MiB, 1 %, Tesla V100-PCIE-32GB, 00000000:06:00.0
32768 MiB, 1894 MiB, 0 %, Tesla V100-PCIE-32GB, 00000000:06:00.0
32768 MiB, 1894 MiB, 0 %, Tesla V100-PCIE-32GB, 00000000:06:00.0
32768 MiB, 1894 MiB, 0 %, Tesla V100-PCIE-32GB, 00000000:06:00.0
32768 MiB, 1894 MiB, 0 %, Tesla V100-PCIE-32GB, 00000000:06:00.0
32768 MiB, 1894 MiB, 0 %, Tesla V100-PCIE-32GB, 00000000:06:00.0
32768 MiB, 1894 MiB, 42 %, Tesla V100-PCIE-32GB, 00000000:06:00.0
32768 MiB, 1894 MiB, 0 %, Tesla V100-PCIE-32GB, 00000000:06:00.0
32768 MiB, 1894 MiB, 0 %, Tesla V100-PCIE-32GB, 00000000:06:00.0
32768 MiB, 1894 MiB, 0 %, Tesla V100-PCIE-32GB, 00000000:06:00.0
32768 MiB, 1894 MiB, 0 %, Tesla V100-PCIE-32GB, 00000000:06:00.0
32768 MiB, 1894 MiB, 0 %, Tesla V100-PCIE-32GB, 00000000:06:00.0
32768 MiB, 1894 MiB, 0 %, Tesla V100-PCIE-32GB, 00000000:06:00.0
32768 MiB, 1894 MiB, 5 %, Tesla V100-PCIE-32GB, 00000000:06:00.0
32768 MiB, 1894 MiB, 0 %, Tesla V100-PCIE-32GB, 00000000:06:00.0
32768 MiB, 1894 MiB, 0 %, Tesla V100-PCIE-32GB, 00000000:06:00.0
32768 MiB, 1894 MiB, 0 %, Tesla V100-PCIE-32GB, 00000000:06:00.0
32768 MiB, 1894 MiB, 0 %, Tesla V100-PCIE-32GB, 00000000:06:00.0
32768 MiB, 1894 MiB, 0 %, Tesla V100-PCIE-32GB, 00000000:06:00.0
32768 MiB, 1894 MiB, 0 %, Tesla V100-PCIE-32GB, 00000000:06:00.0
32768 MiB, 1894 MiB, 42 %, Tesla V100-PCIE-32GB, 00000000:06:00.0
32768 MiB, 1894 MiB, 9 %, Tesla V100-PCIE-32GB, 00000000:06:00.0
32768 MiB, 1894 MiB, 0 %, Tesla V100-PCIE-32GB, 00000000:06:00.0
32768 MiB, 1894 MiB, 0 %, Tesla V100-PCIE-32GB, 00000000:06:00.0
32768 MiB, 1894 MiB, 0 %, Tesla V100-PCIE-32GB, 00000000:06:00.0
32768 MiB, 1894 MiB, 0 %, Tesla V100-PCIE-32GB, 00000000:06:00.0
32768 MiB, 1894 MiB, 0 %, Tesla V100-PCIE-32GB, 00000000:06:00.0
32768 MiB, 1894 MiB, 14 %, Tesla V100-PCIE-32GB, 00000000:06:00.0
32768 MiB, 1894 MiB, 20 %, Tesla V100-PCIE-32GB, 00000000:06:00.0
32768 MiB, 1894 MiB, 0 %, Tesla V100-PCIE-32GB, 00000000:06:00.0
32768 MiB, 1894 MiB, 0 %, Tesla V100-PCIE-32GB, 00000000:06:00.0
32768 MiB, 1894 MiB, 0 %, Tesla V100-PCIE-32GB, 00000000:06:00.0
32768 MiB, 1894 MiB, 0 %, Tesla V100-PCIE-32GB, 00000000:06:00.0
32768 MiB, 1894 MiB, 0 %, Tesla V100-PCIE-32GB, 00000000:06:00.0
32768 MiB, 1894 MiB, 2 %, Tesla V100-PCIE-32GB, 00000000:06:00.0
32768 MiB, 1894 MiB, 23 %, Tesla V100-PCIE-32GB, 00000000:06:00.0
32768 MiB, 1894 MiB, 0 %, Tesla V100-PCIE-32GB, 00000000:06:00.0
32768 MiB, 1894 MiB, 0 %, Tesla V100-PCIE-32GB, 00000000:06:00.0
32768 MiB, 1894 MiB, 0 %, Tesla V100-PCIE-32GB, 00000000:06:00.0
32768 MiB, 1894 MiB, 0 %, Tesla V100-PCIE-32GB, 00000000:06:00.0
32768 MiB, 1894 MiB, 0 %, Tesla V100-PCIE-32GB, 00000000:06:00.0
32768 MiB, 1894 MiB, 42 %, Tesla V100-PCIE-32GB, 00000000:06:00.0
32768 MiB, 1894 MiB, 43 %, Tesla V100-PCIE-32GB, 00000000:06:00.0
32768 MiB, 1894 MiB, 1 %, Tesla V100-PCIE-32GB, 00000000:06:00.0
32768 MiB, 1894 MiB, 0 %, Tesla V100-PCIE-32GB, 00000000:06:00.0
32768 MiB, 1894 MiB, 0 %, Tesla V100-PCIE-32GB, 00000000:06:00.0
32768 MiB, 1894 MiB, 0 %, Tesla V100-PCIE-32GB, 00000000:06:00.0
32768 MiB, 1894 MiB, 0 %, Tesla V100-PCIE-32GB, 00000000:06:00.0
32768 MiB, 1894 MiB, 0 %, Tesla V100-PCIE-32GB, 00000000:06:00.0
32768 MiB, 1894 MiB, 17 %, Tesla V100-PCIE-32GB, 00000000:06:00.0
32768 MiB, 1894 MiB, 1 %, Tesla V100-PCIE-32GB, 00000000:06:00.0
32768 MiB, 1894 MiB, 0 %, Tesla V100-PCIE-32GB, 00000000:06:00.0
32768 MiB, 1894 MiB, 0 %, Tesla V100-PCIE-32GB, 00000000:06:00.0
32768 MiB, 1894 MiB, 0 %, Tesla V100-PCIE-32GB, 00000000:06:00.0
32768 MiB, 1894 MiB, 0 %, Tesla V100-PCIE-32GB, 00000000:06:00.0
32768 MiB, 1894 MiB, 0 %, Tesla V100-PCIE-32GB, 00000000:06:00.0
32768 MiB, 1894 MiB, 43 %, Tesla V100-PCIE-32GB, 00000000:06:00.0
32768 MiB, 1894 MiB, 0 %, Tesla V100-PCIE-32GB, 00000000:06:00.0
32768 MiB, 1894 MiB, 0 %, Tesla V100-PCIE-32GB, 00000000:06:00.0
32768 MiB, 1894 MiB, 0 %, Tesla V100-PCIE-32GB, 00000000:06:00.0
32768 MiB, 1894 MiB, 0 %, Tesla V100-PCIE-32GB, 00000000:06:00.0
32768 MiB, 1894 MiB, 0 %, Tesla V100-PCIE-32GB, 00000000:06:00.0
32768 MiB, 1894 MiB, 0 %, Tesla V100-PCIE-32GB, 00000000:06:00.0
32768 MiB, 1894 MiB, 1 %, Tesla V100-PCIE-32GB, 00000000:06:00.0
32768 MiB, 1894 MiB, 0 %, Tesla V100-PCIE-32GB, 00000000:06:00.0
32768 MiB, 1894 MiB, 0 %, Tesla V100-PCIE-32GB, 00000000:06:00.0
32768 MiB, 1894 MiB, 0 %, Tesla V100-PCIE-32GB, 00000000:06:00.0
32768 MiB, 1894 MiB, 0 %, Tesla V100-PCIE-32GB, 00000000:06:00.0
32768 MiB, 1894 MiB, 0 %, Tesla V100-PCIE-32GB, 00000000:06:00.0
32768 MiB, 1894 MiB, 0 %, Tesla V100-PCIE-32GB, 00000000:06:00.0
32768 MiB, 1894 MiB, 34 %, Tesla V100-PCIE-32GB, 00000000:06:00.0
32768 MiB, 1894 MiB, 17 %, Tesla V100-PCIE-32GB, 00000000:06:00.0
32768 MiB, 1894 MiB, 0 %, Tesla V100-PCIE-32GB, 00000000:06:00.0
32768 MiB, 1894 MiB, 0 %, Tesla V100-PCIE-32GB, 00000000:06:00.0
32768 MiB, 1894 MiB, 0 %, Tesla V100-PCIE-32GB, 00000000:06:00.0
32768 MiB, 1894 MiB, 0 %, Tesla V100-PCIE-32GB, 00000000:06:00.0
32768 MiB, 1894 MiB, 0 %, Tesla V100-PCIE-32GB, 00000000:06:00.0
32768 MiB, 1894 MiB, 6 %, Tesla V100-PCIE-32GB, 00000000:06:00.0
32768 MiB, 1894 MiB, 21 %, Tesla V100-PCIE-32GB, 00000000:06:00.0
32768 MiB, 1894 MiB, 0 %, Tesla V100-PCIE-32GB, 00000000:06:00.0
32768 MiB, 1894 MiB, 0 %, Tesla V100-PCIE-32GB, 00000000:06:00.0
32768 MiB, 1894 MiB, 0 %, Tesla V100-PCIE-32GB, 00000000:06:00.0
32768 MiB, 1894 MiB, 0 %, Tesla V100-PCIE-32GB, 00000000:06:00.0
32768 MiB, 1894 MiB, 0 %, Tesla V100-PCIE-32GB, 00000000:06:00.0
32768 MiB, 1894 MiB, 43 %, Tesla V100-PCIE-32GB, 00000000:06:00.0
32768 MiB, 1894 MiB, 42 %, Tesla V100-PCIE-32GB, 00000000:06:00.0
32768 MiB, 1894 MiB, 0 %, Tesla V100-PCIE-32GB, 00000000:06:00.0
32768 MiB, 1894 MiB, 0 %, Tesla V100-PCIE-32GB, 00000000:06:00.0
32768 MiB, 1894 MiB, 0 %, Tesla V100-PCIE-32GB, 00000000:06:00.0
32768 MiB, 1894 MiB, 0 %, Tesla V100-PCIE-32GB, 00000000:06:00.0
32768 MiB, 1894 MiB, 0 %, Tesla V100-PCIE-32GB, 00000000:06:00.0
32768 MiB, 1894 MiB, 26 %, Tesla V100-PCIE-32GB, 00000000:06:00.0
32768 MiB, 1894 MiB, 8 %, Tesla V100-PCIE-32GB, 00000000:06:00.0
32768 MiB, 1894 MiB, 0 %, Tesla V100-PCIE-32GB, 00000000:06:00.0
32768 MiB, 1894 MiB, 0 %, Tesla V100-PCIE-32GB, 00000000:06:00.0
32768 MiB, 1894 MiB, 0 %, Tesla V100-PCIE-32GB, 00000000:06:00.0
32768 MiB, 1894 MiB, 0 %, Tesla V100-PCIE-32GB, 00000000:06:00.0
32768 MiB, 1894 MiB, 0 %, Tesla V100-PCIE-32GB, 00000000:06:00.0
32768 MiB, 1894 MiB, 11 %, Tesla V100-PCIE-32GB, 00000000:06:00.0
32768 MiB, 1894 MiB, 0 %, Tesla V100-PCIE-32GB, 00000000:06:00.0
32768 MiB, 1894 MiB, 1 %, Tesla V100-PCIE-32GB, 00000000:06:00.0
32768 MiB, 1894 MiB, 0 %, Tesla V100-PCIE-32GB, 00000000:06:00.0
32768 MiB, 1894 MiB, 0 %, Tesla V100-PCIE-32GB, 00000000:06:00.0
32768 MiB, 1894 MiB, 0 %, Tesla V100-PCIE-32GB, 00000000:06:00.0
32768 MiB, 1894 MiB, 0 %, Tesla V100-PCIE-32GB, 00000000:06:00.0
32768 MiB, 1894 MiB, 0 %, Tesla V100-PCIE-32GB, 00000000:06:00.0
32768 MiB, 1894 MiB, 43 %, Tesla V100-PCIE-32GB, 00000000:06:00.0
32768 MiB, 1894 MiB, 0 %, Tesla V100-PCIE-32GB, 00000000:06:00.0
32768 MiB, 1894 MiB, 0 %, Tesla V100-PCIE-32GB, 00000000:06:00.0
32768 MiB, 1894 MiB, 0 %, Tesla V100-PCIE-32GB, 00000000:06:00.0
32768 MiB, 1894 MiB, 0 %, Tesla V100-PCIE-32GB, 00000000:06:00.0
32768 MiB, 1894 MiB, 0 %, Tesla V100-PCIE-32GB, 00000000:06:00.0
32768 MiB, 1894 MiB, 0 %, Tesla V100-PCIE-32GB, 00000000:06:00.0
32768 MiB, 1894 MiB, 17 %, Tesla V100-PCIE-32GB, 00000000:06:00.0
32768 MiB, 1894 MiB, 0 %, Tesla V100-PCIE-32GB, 00000000:06:00.0
32768 MiB, 1894 MiB, 0 %, Tesla V100-PCIE-32GB, 00000000:06:00.0
32768 MiB, 1894 MiB, 0 %, Tesla V100-PCIE-32GB, 00000000:06:00.0
32768 MiB, 1894 MiB, 0 %, Tesla V100-PCIE-32GB, 00000000:06:00.0
32768 MiB, 1894 MiB, 0 %, Tesla V100-PCIE-32GB, 00000000:06:00.0
32768 MiB, 1894 MiB, 0 %, Tesla V100-PCIE-32GB, 00000000:06:00.0
32768 MiB, 1894 MiB, 37 %, Tesla V100-PCIE-32GB, 00000000:06:00.0
32768 MiB, 1894 MiB, 8 %, Tesla V100-PCIE-32GB, 00000000:06:00.0
32768 MiB, 1894 MiB, 0 %, Tesla V100-PCIE-32GB, 00000000:06:00.0
32768 MiB, 1894 MiB, 0 %, Tesla V100-PCIE-32GB, 00000000:06:00.0
32768 MiB, 1894 MiB, 0 %, Tesla V100-PCIE-32GB, 00000000:06:00.0
32768 MiB, 1894 MiB, 0 %, Tesla V100-PCIE-32GB, 00000000:06:00.0
32768 MiB, 1894 MiB, 0 %, Tesla V100-PCIE-32GB, 00000000:06:00.0
32768 MiB, 1894 MiB, 37 %, Tesla V100-PCIE-32GB, 00000000:06:00.0
32768 MiB, 1894 MiB, 17 %, Tesla V100-PCIE-32GB, 00000000:06:00.0
32768 MiB, 1894 MiB, 0 %, Tesla V100-PCIE-32GB, 00000000:06:00.0
32768 MiB, 1894 MiB, 0 %, Tesla V100-PCIE-32GB, 00000000:06:00.0
32768 MiB, 1894 MiB, 0 %, Tesla V100-PCIE-32GB, 00000000:06:00.0
32768 MiB, 1894 MiB, 0 %, Tesla V100-PCIE-32GB, 00000000:06:00.0
32768 MiB, 1894 MiB, 0 %, Tesla V100-PCIE-32GB, 00000000:06:00.0
32768 MiB, 1894 MiB, 20 %, Tesla V100-PCIE-32GB, 00000000:06:00.0
32768 MiB, 1894 MiB, 7 %, Tesla V100-PCIE-32GB, 00000000:06:00.0
32768 MiB, 1894 MiB, 0 %, Tesla V100-PCIE-32GB, 00000000:06:00.0
32768 MiB, 1894 MiB, 0 %, Tesla V100-PCIE-32GB, 00000000:06:00.0
32768 MiB, 1894 MiB, 0 %, Tesla V100-PCIE-32GB, 00000000:06:00.0
32768 MiB, 1894 MiB, 0 %, Tesla V100-PCIE-32GB, 00000000:06:00.0
32768 MiB, 1894 MiB, 0 %, Tesla V100-PCIE-32GB, 00000000:06:00.0
32768 MiB, 1894 MiB, 34 %, Tesla V100-PCIE-32GB, 00000000:06:00.0
32768 MiB, 1894 MiB, 13 %, Tesla V100-PCIE-32GB, 00000000:06:00.0
32768 MiB, 1894 MiB, 0 %, Tesla V100-PCIE-32GB, 00000000:06:00.0
32768 MiB, 1894 MiB, 0 %, Tesla V100-PCIE-32GB, 00000000:06:00.0
32768 MiB, 1894 MiB, 0 %, Tesla V100-PCIE-32GB, 00000000:06:00.0
32768 MiB, 1894 MiB, 0 %, Tesla V100-PCIE-32GB, 00000000:06:00.0
32768 MiB, 1894 MiB, 0 %, Tesla V100-PCIE-32GB, 00000000:06:00.0
32768 MiB, 1894 MiB, 30 %, Tesla V100-PCIE-32GB, 00000000:06:00.0
32768 MiB, 1894 MiB, 43 %, Tesla V100-PCIE-32GB, 00000000:06:00.0
32768 MiB, 1894 MiB, 0 %, Tesla V100-PCIE-32GB, 00000000:06:00.0
32768 MiB, 1894 MiB, 0 %, Tesla V100-PCIE-32GB, 00000000:06:00.0
32768 MiB, 1894 MiB, 0 %, Tesla V100-PCIE-32GB, 00000000:06:00.0
32768 MiB, 1894 MiB, 0 %, Tesla V100-PCIE-32GB, 00000000:06:00.0
32768 MiB, 1894 MiB, 0 %, Tesla V100-PCIE-32GB, 00000000:06:00.0
32768 MiB, 1894 MiB, 0 %, Tesla V100-PCIE-32GB, 00000000:06:00.0
32768 MiB, 1894 MiB, 42 %, Tesla V100-PCIE-32GB, 00000000:06:00.0
32768 MiB, 1894 MiB, 0 %, Tesla V100-PCIE-32GB, 00000000:06:00.0
32768 MiB, 1894 MiB, 0 %, Tesla V100-PCIE-32GB, 00000000:06:00.0
32768 MiB, 1894 MiB, 0 %, Tesla V100-PCIE-32GB, 00000000:06:00.0
32768 MiB, 1894 MiB, 0 %, Tesla V100-PCIE-32GB, 00000000:06:00.0
32768 MiB, 1894 MiB, 0 %, Tesla V100-PCIE-32GB, 00000000:06:00.0
32768 MiB, 1894 MiB, 0 %, Tesla V100-PCIE-32GB, 00000000:06:00.0
32768 MiB, 1894 MiB, 7 %, Tesla V100-PCIE-32GB, 00000000:06:00.0
32768 MiB, 1894 MiB, 0 %, Tesla V100-PCIE-32GB, 00000000:06:00.0
32768 MiB, 1894 MiB, 0 %, Tesla V100-PCIE-32GB, 00000000:06:00.0
32768 MiB, 1894 MiB, 0 %, Tesla V100-PCIE-32GB, 00000000:06:00.0
32768 MiB, 1894 MiB, 0 %, Tesla V100-PCIE-32GB, 00000000:06:00.0
32768 MiB, 1894 MiB, 0 %, Tesla V100-PCIE-32GB, 00000000:06:00.0
32768 MiB, 1894 MiB, 0 %, Tesla V100-PCIE-32GB, 00000000:06:00.0
32768 MiB, 1894 MiB, 43 %, Tesla V100-PCIE-32GB, 00000000:06:00.0
32768 MiB, 1894 MiB, 17 %, Tesla V100-PCIE-32GB, 00000000:06:00.0
32768 MiB, 1894 MiB, 0 %, Tesla V100-PCIE-32GB, 00000000:06:00.0
32768 MiB, 1894 MiB, 0 %, Tesla V100-PCIE-32GB, 00000000:06:00.0
32768 MiB, 1894 MiB, 0 %, Tesla V100-PCIE-32GB, 00000000:06:00.0
32768 MiB, 1894 MiB, 0 %, Tesla V100-PCIE-32GB, 00000000:06:00.0
32768 MiB, 1894 MiB, 0 %, Tesla V100-PCIE-32GB, 00000000:06:00.0
32768 MiB, 1894 MiB, 0 %, Tesla V100-PCIE-32GB, 00000000:06:00.0
32768 MiB, 1894 MiB, 21 %, Tesla V100-PCIE-32GB, 00000000:06:00.0
32768 MiB, 1894 MiB, 0 %, Tesla V100-PCIE-32GB, 00000000:06:00.0
32768 MiB, 1894 MiB, 0 %, Tesla V100-PCIE-32GB, 00000000:06:00.0
32768 MiB, 1894 MiB, 0 %, Tesla V100-PCIE-32GB, 00000000:06:00.0
32768 MiB, 1894 MiB, 0 %, Tesla V100-PCIE-32GB, 00000000:06:00.0
32768 MiB, 1894 MiB, 0 %, Tesla V100-PCIE-32GB, 00000000:06:00.0
32768 MiB, 1894 MiB, 42 %, Tesla V100-PCIE-32GB, 00000000:06:00.0
32768 MiB, 1894 MiB, 42 %, Tesla V100-PCIE-32GB, 00000000:06:00.0
32768 MiB, 1894 MiB, 0 %, Tesla V100-PCIE-32GB, 00000000:06:00.0
32768 MiB, 1894 MiB, 0 %, Tesla V100-PCIE-32GB, 00000000:06:00.0
32768 MiB, 1894 MiB, 0 %, Tesla V100-PCIE-32GB, 00000000:06:00.0
32768 MiB, 1894 MiB, 0 %, Tesla V100-PCIE-32GB, 00000000:06:00.0
32768 MiB, 1894 MiB, 0 %, Tesla V100-PCIE-32GB, 00000000:06:00.0
32768 MiB, 1894 MiB, 12 %, Tesla V100-PCIE-32GB, 00000000:06:00.0
32768 MiB, 1894 MiB, 0 %, Tesla V100-PCIE-32GB, 00000000:06:00.0
32768 MiB, 1894 MiB, 0 %, Tesla V100-PCIE-32GB, 00000000:06:00.0
32768 MiB, 1894 MiB, 0 %, Tesla V100-PCIE-32GB, 00000000:06:00.0
32768 MiB, 1894 MiB, 0 %, Tesla V100-PCIE-32GB, 00000000:06:00.0
32768 MiB, 1894 MiB, 0 %, Tesla V100-PCIE-32GB, 00000000:06:00.0
32768 MiB, 1894 MiB, 0 %, Tesla V100-PCIE-32GB, 00000000:06:00.0
32768 MiB, 1894 MiB, 37 %, Tesla V100-PCIE-32GB, 00000000:06:00.0
32768 MiB, 1894 MiB, 0 %, Tesla V100-PCIE-32GB, 00000000:06:00.0
32768 MiB, 1894 MiB, 1 %, Tesla V100-PCIE-32GB, 00000000:06:00.0
32768 MiB, 1894 MiB, 0 %, Tesla V100-PCIE-32GB, 00000000:06:00.0
32768 MiB, 1894 MiB, 0 %, Tesla V100-PCIE-32GB, 00000000:06:00.0
32768 MiB, 1894 MiB, 0 %, Tesla V100-PCIE-32GB, 00000000:06:00.0
32768 MiB, 1894 MiB, 0 %, Tesla V100-PCIE-32GB, 00000000:06:00.0
32768 MiB, 1894 MiB, 0 %, Tesla V100-PCIE-32GB, 00000000:06:00.0
32768 MiB, 1894 MiB, 28 %, Tesla V100-PCIE-32GB, 00000000:06:00.0
32768 MiB, 1894 MiB, 1 %, Tesla V100-PCIE-32GB, 00000000:06:00.0
32768 MiB, 1894 MiB, 0 %, Tesla V100-PCIE-32GB, 00000000:06:00.0
32768 MiB, 1894 MiB, 0 %, Tesla V100-PCIE-32GB, 00000000:06:00.0
32768 MiB, 1894 MiB, 0 %, Tesla V100-PCIE-32GB, 00000000:06:00.0
32768 MiB, 1894 MiB, 0 %, Tesla V100-PCIE-32GB, 00000000:06:00.0
32768 MiB, 1894 MiB, 0 %, Tesla V100-PCIE-32GB, 00000000:06:00.0
32768 MiB, 1894 MiB, 43 %, Tesla V100-PCIE-32GB, 00000000:06:00.0
32768 MiB, 1894 MiB, 0 %, Tesla V100-PCIE-32GB, 00000000:06:00.0
32768 MiB, 1894 MiB, 0 %, Tesla V100-PCIE-32GB, 00000000:06:00.0
32768 MiB, 1894 MiB, 0 %, Tesla V100-PCIE-32GB, 00000000:06:00.0
32768 MiB, 1894 MiB, 0 %, Tesla V100-PCIE-32GB, 00000000:06:00.0
32768 MiB, 1894 MiB, 0 %, Tesla V100-PCIE-32GB, 00000000:06:00.0
32768 MiB, 1894 MiB, 0 %, Tesla V100-PCIE-32GB, 00000000:06:00.0
32768 MiB, 1894 MiB, 38 %, Tesla V100-PCIE-32GB, 00000000:06:00.0
32768 MiB, 1894 MiB, 17 %, Tesla V100-PCIE-32GB, 00000000:06:00.0
32768 MiB, 1894 MiB, 0 %, Tesla V100-PCIE-32GB, 00000000:06:00.0
32768 MiB, 1894 MiB, 0 %, Tesla V100-PCIE-32GB, 00000000:06:00.0
32768 MiB, 1894 MiB, 0 %, Tesla V100-PCIE-32GB, 00000000:06:00.0
32768 MiB, 1894 MiB, 0 %, Tesla V100-PCIE-32GB, 00000000:06:00.0
32768 MiB, 1894 MiB, 0 %, Tesla V100-PCIE-32GB, 00000000:06:00.0
32768 MiB, 1894 MiB, 20 %, Tesla V100-PCIE-32GB, 00000000:06:00.0
32768 MiB, 1894 MiB, 36 %, Tesla V100-PCIE-32GB, 00000000:06:00.0
32768 MiB, 1894 MiB, 0 %, Tesla V100-PCIE-32GB, 00000000:06:00.0
32768 MiB, 1894 MiB, 0 %, Tesla V100-PCIE-32GB, 00000000:06:00.0
32768 MiB, 1894 MiB, 0 %, Tesla V100-PCIE-32GB, 00000000:06:00.0
32768 MiB, 1894 MiB, 0 %, Tesla V100-PCIE-32GB, 00000000:06:00.0
32768 MiB, 1894 MiB, 0 %, Tesla V100-PCIE-32GB, 00000000:06:00.0
32768 MiB, 1894 MiB, 36 %, Tesla V100-PCIE-32GB, 00000000:06:00.0
32768 MiB, 1894 MiB, 14 %, Tesla V100-PCIE-32GB, 00000000:06:00.0
32768 MiB, 1894 MiB, 0 %, Tesla V100-PCIE-32GB, 00000000:06:00.0
32768 MiB, 1894 MiB, 0 %, Tesla V100-PCIE-32GB, 00000000:06:00.0
32768 MiB, 1894 MiB, 0 %, Tesla V100-PCIE-32GB, 00000000:06:00.0
32768 MiB, 1894 MiB, 0 %, Tesla V100-PCIE-32GB, 00000000:06:00.0
32768 MiB, 1894 MiB, 0 %, Tesla V100-PCIE-32GB, 00000000:06:00.0
32768 MiB, 1894 MiB, 22 %, Tesla V100-PCIE-32GB, 00000000:06:00.0
32768 MiB, 1894 MiB, 42 %, Tesla V100-PCIE-32GB, 00000000:06:00.0
32768 MiB, 1894 MiB, 0 %, Tesla V100-PCIE-32GB, 00000000:06:00.0
32768 MiB, 1894 MiB, 0 %, Tesla V100-PCIE-32GB, 00000000:06:00.0
32768 MiB, 1894 MiB, 0 %, Tesla V100-PCIE-32GB, 00000000:06:00.0
32768 MiB, 1894 MiB, 0 %, Tesla V100-PCIE-32GB, 00000000:06:00.0
32768 MiB, 1894 MiB, 0 %, Tesla V100-PCIE-32GB, 00000000:06:00.0
32768 MiB, 1894 MiB, 46 %, Tesla V100-PCIE-32GB, 00000000:06:00.0
32768 MiB, 1894 MiB, 37 %, Tesla V100-PCIE-32GB, 00000000:06:00.0
32768 MiB, 1894 MiB, 1 %, Tesla V100-PCIE-32GB, 00000000:06:00.0
32768 MiB, 1894 MiB, 0 %, Tesla V100-PCIE-32GB, 00000000:06:00.0
32768 MiB, 1894 MiB, 0 %, Tesla V100-PCIE-32GB, 00000000:06:00.0
32768 MiB, 1894 MiB, 0 %, Tesla V100-PCIE-32GB, 00000000:06:00.0
32768 MiB, 1894 MiB, 0 %, Tesla V100-PCIE-32GB, 00000000:06:00.0
32768 MiB, 1894 MiB, 0 %, Tesla V100-PCIE-32GB, 00000000:06:00.0
32768 MiB, 1894 MiB, 25 %, Tesla V100-PCIE-32GB, 00000000:06:00.0
32768 MiB, 1894 MiB, 0 %, Tesla V100-PCIE-32GB, 00000000:06:00.0
32768 MiB, 1894 MiB, 0 %, Tesla V100-PCIE-32GB, 00000000:06:00.0
32768 MiB, 1894 MiB, 0 %, Tesla V100-PCIE-32GB, 00000000:06:00.0
32768 MiB, 1894 MiB, 0 %, Tesla V100-PCIE-32GB, 00000000:06:00.0
32768 MiB, 1894 MiB, 0 %, Tesla V100-PCIE-32GB, 00000000:06:00.0
32768 MiB, 1894 MiB, 0 %, Tesla V100-PCIE-32GB, 00000000:06:00.0
32768 MiB, 1894 MiB, 36 %, Tesla V100-PCIE-32GB, 00000000:06:00.0
32768 MiB, 1894 MiB, 0 %, Tesla V100-PCIE-32GB, 00000000:06:00.0
32768 MiB, 1894 MiB, 0 %, Tesla V100-PCIE-32GB, 00000000:06:00.0
32768 MiB, 1894 MiB, 0 %, Tesla V100-PCIE-32GB, 00000000:06:00.0
32768 MiB, 1894 MiB, 0 %, Tesla V100-PCIE-32GB, 00000000:06:00.0
32768 MiB, 1894 MiB, 0 %, Tesla V100-PCIE-32GB, 00000000:06:00.0
32768 MiB, 1894 MiB, 0 %, Tesla V100-PCIE-32GB, 00000000:06:00.0
32768 MiB, 1894 MiB, 42 %, Tesla V100-PCIE-32GB, 00000000:06:00.0
32768 MiB, 1894 MiB, 17 %, Tesla V100-PCIE-32GB, 00000000:06:00.0
32768 MiB, 1894 MiB, 0 %, Tesla V100-PCIE-32GB, 00000000:06:00.0
32768 MiB, 1894 MiB, 0 %, Tesla V100-PCIE-32GB, 00000000:06:00.0
32768 MiB, 1894 MiB, 0 %, Tesla V100-PCIE-32GB, 00000000:06:00.0
32768 MiB, 1894 MiB, 0 %, Tesla V100-PCIE-32GB, 00000000:06:00.0
32768 MiB, 1894 MiB, 0 %, Tesla V100-PCIE-32GB, 00000000:06:00.0
32768 MiB, 1894 MiB, 22 %, Tesla V100-PCIE-32GB, 00000000:06:00.0
32768 MiB, 1894 MiB, 17 %, Tesla V100-PCIE-32GB, 00000000:06:00.0
32768 MiB, 1894 MiB, 0 %, Tesla V100-PCIE-32GB, 00000000:06:00.0
32768 MiB, 1894 MiB, 0 %, Tesla V100-PCIE-32GB, 00000000:06:00.0
32768 MiB, 1894 MiB, 0 %, Tesla V100-PCIE-32GB, 00000000:06:00.0
32768 MiB, 1894 MiB, 0 %, Tesla V100-PCIE-32GB, 00000000:06:00.0
32768 MiB, 1894 MiB, 0 %, Tesla V100-PCIE-32GB, 00000000:06:00.0
32768 MiB, 1894 MiB, 13 %, Tesla V100-PCIE-32GB, 00000000:06:00.0
32768 MiB, 1894 MiB, 1 %, Tesla V100-PCIE-32GB, 00000000:06:00.0
32768 MiB, 1894 MiB, 0 %, Tesla V100-PCIE-32GB, 00000000:06:00.0
32768 MiB, 1894 MiB, 0 %, Tesla V100-PCIE-32GB, 00000000:06:00.0
32768 MiB, 1894 MiB, 0 %, Tesla V100-PCIE-32GB, 00000000:06:00.0
32768 MiB, 1894 MiB, 0 %, Tesla V100-PCIE-32GB, 00000000:06:00.0
32768 MiB, 1894 MiB, 0 %, Tesla V100-PCIE-32GB, 00000000:06:00.0
32768 MiB, 1894 MiB, 42 %, Tesla V100-PCIE-32GB, 00000000:06:00.0
32768 MiB, 1894 MiB, 43 %, Tesla V100-PCIE-32GB, 00000000:06:00.0
32768 MiB, 1894 MiB, 0 %, Tesla V100-PCIE-32GB, 00000000:06:00.0
32768 MiB, 1894 MiB, 0 %, Tesla V100-PCIE-32GB, 00000000:06:00.0
